match_id	league_id	season	match_date	kickoff_utc	status	home_team_id_provider	away_team_id_provider	home_team_name_provider	away_team_name_provider	home_team	away_team	score_home	score_away	round_name	observed_at	provider_schema_version	league_key	fixture_id	home_team_id	away_team_id
m_0Xfvtb	l_0ErfuF	2026/2027	2026-08-15	2026-08-15T17:30:00+00:00	finished	t_1cpTpB	t_3i7zAH	Deportivo Alavés	Getafe	Deportivo Alavés	Getafe	3.0	0.0		2026-10-02T15:40:02.266961+00:00	2	laliga	fx:f2bbbd412c091f351948	laliga:alaves	laliga:getafe
m_2x0fUS	l_0ErfuF	2026/2027	2026-08-15	2026-08-15T19:30:00+00:00	finished	t_4XayA9	t_17aOG3	Sevilla	Rayo Vallecano	Sevilla	Rayo Vallecano	2.0	1.0		2026-10-02T15:40:02.266961+00:00	2	laliga	fx:50176acc73efd22c61b0	laliga:sevilla	laliga:vallecano
m_3KuD0G	l_0ErfuF	2026/2027	2026-08-16	2026-08-16T15:00:00+00:00	finished	t_3kAVv6	t_4SV4jg	Racing Santander	Villarreal	Racing Santander	Villarreal	2.0	2.0		2026-10-02T15:40:02.266961+00:00	2	laliga			
m_3ij3BA	l_0ErfuF	2026/2027	2026-08-16	2026-08-16T17:00:00+00:00	finished	t_3WlXqr	t_0NnBSa	Espanyol	Levante	Espanyol	Levante	3.0	0.0		2026-10-02T15:40:02.266961+00:00	2	laliga	fx:daefd41a788de702be7e	laliga:espanol	laliga:levante
m_0EvRC6	l_0ErfuF	2026/2027	2026-08-17	2026-08-17T19:00:00+00:00	finished	t_2xafLl	t_2PLTQW	Deportivo A Coruña	Elche	Deportivo A Coruña	Elche	1.0	1.0		2026-10-02T15:40:02.266961+00:00	2	laliga			
m_25kb8U	l_0ErfuF	2026/2027	2026-08-19	2026-08-19T19:05:00+00:00	finished	t_3NIiXl	t_2DcXQn	Atlético Madrid	Málaga	Atlético Madrid	Málaga	2.0	0.0		2026-10-02T15:40:02.266961+00:00	2	laliga	fx:e128b7afc71d5e1b1131	laliga:ath-madrid	laliga:malaga
m_379TVC	l_0ErfuF	2026/2027	2026-08-20	2026-08-20T19:00:00+00:00	finished	t_17aOG3	t_1cpTpB	Rayo Vallecano	Deportivo Alavés	Rayo Vallecano	Deportivo Alavés	1.0	1.0		2026-10-02T15:40:02.266961+00:00	2	laliga	fx:27eb4abd30c51b9923bb	laliga:vallecano	laliga:alaves
m_3tp1PT	l_0ErfuF	2026/2027	2026-08-21	2026-08-21T19:00:00+00:00	finished	t_0HSzvM	t_1hKtUw	Real Betis	Real Sociedad	Real Betis	Real Sociedad	1.0	0.0		2026-10-02T15:40:02.266961+00:00	2	laliga	fx:70669800e7cd622044e3	laliga:betis	laliga:sociedad
m_2tX8Cb	l_0ErfuF	2026/2027	2026-08-22	2026-08-22T15:00:00+00:00	finished	t_3kZPrE	t_4XayA9	Athletic Club	Sevilla	Athletic Club	Sevilla	1.0	3.0		2026-10-02T15:40:02.266961+00:00	2	laliga	fx:3bd0f9505640789b00c5	laliga:ath-bilbao	laliga:sevilla
m_3l9wBG	l_0ErfuF	2026/2027	2026-08-22	2026-08-22T17:30:00+00:00	finished	t_3TftmE	t_4aQcO7	Valencia	Celta Vigo	Valencia	Celta Vigo	0.0	0.0		2026-10-02T15:40:02.266961+00:00	2	laliga	fx:65ec5a871b0b480db63a	laliga:valencia	laliga:celta
m_3efCmk	l_0ErfuF	2026/2027	2026-08-22	2026-08-22T19:30:00+00:00	finished	t_3WlXqr	t_4NZcri	Espanyol	Real Madrid	Espanyol	Real Madrid	1.0	2.0		2026-10-02T15:40:02.266961+00:00	2	laliga	fx:2ba76883e2fff5a76bb8	laliga:espanol	laliga:real-madrid
m_4a7z8o	l_0ErfuF	2026/2027	2026-08-23	2026-08-23T15:00:00+00:00	finished	t_3NIiXl	t_4SV4jg	Atlético Madrid	Villarreal	Atlético Madrid	Villarreal	2.0	2.0		2026-10-02T15:40:02.266961+00:00	2	laliga	fx:d3271b887b1ae5dd9979	laliga:ath-madrid	laliga:villarreal
m_3j8SOS	l_0ErfuF	2026/2027	2026-08-23	2026-08-23T17:30:00+00:00	finished	t_3i7zAH	t_3kAVv6	Getafe	Racing Santander	Getafe	Racing Santander	1.0	0.0		2026-10-02T15:40:02.266961+00:00	2	laliga			
m_1E6aT7	l_0ErfuF	2026/2027	2026-08-23	2026-08-23T19:30:00+00:00	finished	t_2PLTQW	t_32jSEF	Elche	Barcelona	Elche	Barcelona	0.0	5.0		2026-10-02T15:40:02.266961+00:00	2	laliga	fx:99210a7f55809c360e0a	laliga:elche	laliga:barcelona
m_24zrJh	l_0ErfuF	2026/2027	2026-08-24	2026-08-24T17:30:00+00:00	finished	t_0HBI4G	t_0NnBSa	Osasuna	Levante	Osasuna	Levante	0.0	0.0		2026-10-02T15:40:02.266961+00:00	2	laliga	fx:71f7e8d7fb356f40b627	laliga:osasuna	laliga:levante
m_08W4lJ	l_0ErfuF	2026/2027	2026-08-24	2026-08-24T19:30:00+00:00	finished	t_2DcXQn	t_2xafLl	Málaga	Deportivo A Coruña	Málaga	Deportivo A Coruña	1.0	1.0		2026-10-02T15:40:02.266961+00:00	2	laliga			
m_26qET9	l_0ErfuF	2026/2027	2026-08-25	2026-08-25T19:00:00+00:00	finished	t_3TftmE	t_0HSzvM	Valencia	Real Betis	Valencia	Real Betis	0.0	1.0		2026-10-02T15:40:02.266961+00:00	2	laliga	fx:bfa12259cdad1d7ec3ca	laliga:valencia	laliga:betis
m_0qNmcs	l_0ErfuF	2026/2027	2026-08-26	2026-08-26T19:00:00+00:00	finished	t_4NZcri	t_1hKtUw	Real Madrid	Real Sociedad	Real Madrid	Real Sociedad	4.0	1.0		2026-10-02T15:40:02.266961+00:00	2	laliga	fx:8dd5388a069c04d74cad	laliga:real-madrid	laliga:sociedad
m_0BalGR	l_0ErfuF	2026/2027	2026-08-27	2026-08-27T18:30:00+00:00	finished	t_4aQcO7	t_0HBI4G	Celta Vigo	Osasuna	Celta Vigo	Osasuna	1.0	2.0		2026-10-02T15:40:02.266961+00:00	2	laliga	fx:386d4866673508ce7ecb	laliga:celta	laliga:osasuna
m_48MCFg	l_0ErfuF	2026/2027	2026-08-27	2026-08-27T19:00:00+00:00	finished	t_32jSEF	t_3kZPrE	Barcelona	Athletic Club	Barcelona	Athletic Club	2.0	0.0		2026-10-02T15:40:02.266961+00:00	2	laliga	fx:14f214cbb442451ab141	laliga:barcelona	laliga:ath-bilbao
m_344oDM	l_0ErfuF	2026/2027	2026-08-28	2026-08-28T17:00:00+00:00	finished	t_3kAVv6	t_2PLTQW	Racing Santander	Elche	Racing Santander	Elche	3.0	2.0		2026-10-02T15:40:02.266961+00:00	2	laliga			
m_2ZPwzR	l_0ErfuF	2026/2027	2026-08-28	2026-08-28T19:30:00+00:00	finished	t_1cpTpB	t_4SV4jg	Deportivo Alavés	Villarreal	Deportivo Alavés	Villarreal	1.0	0.0		2026-10-02T15:40:02.266961+00:00	2	laliga	fx:ca06681008abd41cc2ca	laliga:alaves	laliga:villarreal
m_2tvCpB	l_0ErfuF	2026/2027	2026-08-29	2026-08-29T15:00:00+00:00	finished	t_0NnBSa	t_0HSzvM	Levante	Real Betis	Levante	Real Betis	5.0	2.0		2026-10-02T15:40:02.266961+00:00	2	laliga	fx:7673fe9089fb3445bf17	laliga:levante	laliga:betis
m_0xmQMb	l_0ErfuF	2026/2027	2026-08-29	2026-08-29T17:00:00+00:00	finished	t_1hKtUw	t_3WlXqr	Real Sociedad	Espanyol	Real Sociedad	Espanyol	2.0	1.0		2026-10-02T15:40:02.266961+00:00	2	laliga	fx:2a630fd8c2be18f8d18b	laliga:sociedad	laliga:espanol
m_0HQBKl	l_0ErfuF	2026/2027	2026-08-29	2026-08-29T19:30:00+00:00	finished	t_4XayA9	t_3NIiXl	Sevilla	Atlético Madrid	Sevilla	Atlético Madrid	1.0	3.0		2026-10-02T15:40:02.266961+00:00	2	laliga	fx:45f7a49954034fcda401	laliga:sevilla	laliga:ath-madrid
m_3w4oIl	l_0ErfuF	2026/2027	2026-08-30	2026-08-30T15:00:00+00:00	finished	t_4NZcri	t_2DcXQn	Real Madrid	Málaga	Real Madrid	Málaga	4.0	0.0		2026-10-02T15:40:02.266961+00:00	2	laliga	fx:e7fdc49696ccfed94fa3	laliga:real-madrid	laliga:malaga
m_2j75VD	l_0ErfuF	2026/2027	2026-08-30	2026-08-30T17:30:00+00:00	finished	t_2xafLl	t_3TftmE	Deportivo A Coruña	Valencia	Deportivo A Coruña	Valencia	3.0	1.0		2026-10-02T15:40:02.266961+00:00	2	laliga			
m_2NhJUV	l_0ErfuF	2026/2027	2026-08-30	2026-08-30T19:30:00+00:00	finished	t_4aQcO7	t_3kZPrE	Celta Vigo	Athletic Club	Celta Vigo	Athletic Club	0.0	2.0		2026-10-02T15:40:02.266961+00:00	2	laliga	fx:01173041db772685cbff	laliga:celta	laliga:ath-bilbao
m_0ADZue	l_0ErfuF	2026/2027	2026-08-31	2026-08-31T17:30:00+00:00	finished	t_0HBI4G	t_3i7zAH	Osasuna	Getafe	Osasuna	Getafe	1.0	0.0		2026-10-02T15:40:02.266961+00:00	2	laliga	fx:ddd45e1588b5d5ca3e96	laliga:osasuna	laliga:getafe
m_0eC6YE	l_0ErfuF	2026/2027	2026-08-31	2026-08-31T19:30:00+00:00	finished	t_32jSEF	t_17aOG3	Barcelona	Rayo Vallecano	Barcelona	Rayo Vallecano	5.0	2.0		2026-10-02T15:40:02.266961+00:00	2	laliga	fx:ec1e0d52cc54fb8d2bc5	laliga:barcelona	laliga:vallecano
m_2j6IAV	l_0ErfuF	2026/2027	2026-09-03	2026-09-03T19:00:00+00:00	finished	t_1hKtUw	t_4aQcO7	Real Sociedad	Celta Vigo	Real Sociedad	Celta Vigo	0.0	0.0		2026-10-02T15:40:02.266961+00:00	2	laliga	fx:f7365220fc54f8dfab52	laliga:sociedad	laliga:celta
m_14HTfL	l_0ErfuF	2026/2027	2026-09-04	2026-09-04T19:00:00+00:00	finished	t_0HSzvM	t_4NZcri	Real Betis	Real Madrid	Real Betis	Real Madrid	1.0	0.0		2026-10-02T15:40:02.266961+00:00	2	laliga	fx:f143b99e77761d9c00a4	laliga:betis	laliga:real-madrid
m_41AATn	l_0ErfuF	2026/2027	2026-09-05	2026-09-05T14:15:00+00:00	finished	t_3kZPrE	t_3NIiXl	Athletic Club	Atlético Madrid	Athletic Club	Atlético Madrid	3.0	0.0		2026-10-02T15:40:02.266961+00:00	2	laliga	fx:05395a6fe6a16e6dc329	laliga:ath-bilbao	laliga:ath-madrid
m_3LPR5J	l_0ErfuF	2026/2027	2026-09-05	2026-09-05T16:30:00+00:00	finished	t_17aOG3	t_3kAVv6	Rayo Vallecano	Racing Santander	Rayo Vallecano	Racing Santander	3.0	2.0		2026-10-02T15:40:02.266961+00:00	2	laliga			
m_4eM6Wn	l_0ErfuF	2026/2027	2026-09-05	2026-09-05T19:00:00+00:00	finished	t_4SV4jg	t_2xafLl	Villarreal	Deportivo A Coruña	Villarreal	Deportivo A Coruña	2.0	3.0		2026-10-02T15:40:02.266961+00:00	2	laliga			
m_1UqsYb	l_0ErfuF	2026/2027	2026-09-06	2026-09-06T14:15:00+00:00	finished	t_3TftmE	t_32jSEF	Valencia	Barcelona	Valencia	Barcelona	0.0	5.0		2026-10-02T15:40:02.266961+00:00	2	laliga	fx:166f8d74bdcbc456edb2	laliga:valencia	laliga:barcelona
m_0RgVtY	l_0ErfuF	2026/2027	2026-09-06	2026-09-06T16:30:00+00:00	finished	t_1cpTpB	t_0HBI4G	Deportivo Alavés	Osasuna	Deportivo Alavés	Osasuna	5.0	2.0		2026-10-02T15:40:02.266961+00:00	2	laliga	fx:a39243897388c727d201	laliga:alaves	laliga:osasuna
m_3nHye2	l_0ErfuF	2026/2027	2026-09-06	2026-09-06T16:30:00+00:00	finished	t_2DcXQn	t_0NnBSa	Málaga	Levante	Málaga	Levante	0.0	0.0		2026-10-02T15:40:02.266961+00:00	2	laliga	fx:19dec3e70ade036f95a9	laliga:malaga	laliga:levante
m_0jE39V	l_0ErfuF	2026/2027	2026-09-06	2026-09-06T19:00:00+00:00	finished	t_3WlXqr	t_4XayA9	Espanyol	Sevilla	Espanyol	Sevilla	1.0	1.0		2026-10-02T15:40:02.266961+00:00	2	laliga	fx:18bef116b4ae3f606463	laliga:espanol	laliga:sevilla
m_3LOyCh	l_0ErfuF	2026/2027	2026-09-07	2026-09-07T17:00:00+00:00	finished	t_3i7zAH	t_4aQcO7	Getafe	Celta Vigo	Getafe	Celta Vigo	1.0	1.0		2026-10-02T15:40:02.266961+00:00	2	laliga	fx:9614f3040b20866e7b01	laliga:getafe	laliga:celta
m_3cNexV	l_0ErfuF	2026/2027	2026-09-07	2026-09-07T19:30:00+00:00	finished	t_2PLTQW	t_1hKtUw	Elche	Real Sociedad	Elche	Real Sociedad	2.0	3.0		2026-10-02T15:40:02.266961+00:00	2	laliga	fx:790b2a9ff60d64760ccd	laliga:elche	laliga:sociedad
m_48rNcp	l_0ErfuF	2026/2027	2026-09-11	2026-09-11T19:00:00+00:00	finished	t_4XayA9	t_3TftmE	Sevilla	Valencia	Sevilla	Valencia	1.0	0.0		2026-10-02T15:40:02.266961+00:00	2	laliga	fx:621573bea585f9fd7bbe	laliga:sevilla	laliga:valencia
m_2kB9UX	l_0ErfuF	2026/2027	2026-09-12	2026-09-12T12:00:00+00:00	finished	t_3kAVv6	t_1cpTpB	Racing Santander	Deportivo Alavés	Racing Santander	Deportivo Alavés	2.0	1.0		2026-10-02T15:40:02.266961+00:00	2	laliga			
m_1dqxqg	l_0ErfuF	2026/2027	2026-09-12	2026-09-12T14:15:00+00:00	finished	t_0HBI4G	t_3WlXqr	Osasuna	Espanyol	Osasuna	Espanyol	0.0	2.0		2026-10-02T15:40:02.266961+00:00	2	laliga	fx:d7f0842479e9a37888d3	laliga:osasuna	laliga:espanol
m_2XBrhq	l_0ErfuF	2026/2027	2026-09-12	2026-09-12T16:30:00+00:00	finished	t_3kZPrE	t_2PLTQW	Athletic Club	Elche	Athletic Club	Elche	1.0	1.0		2026-10-02T15:40:02.266961+00:00	2	laliga	fx:eb4f3adffbd22e4c4011	laliga:ath-bilbao	laliga:elche
m_0Gi2tb	l_0ErfuF	2026/2027	2026-09-12	2026-09-12T19:00:00+00:00	finished	t_4NZcri	t_17aOG3	Real Madrid	Rayo Vallecano	Real Madrid	Rayo Vallecano	4.0	1.0		2026-10-02T15:40:02.266961+00:00	2	laliga	fx:69c2c0c6ae0d0df8a3a7	laliga:real-madrid	laliga:vallecano
m_4WfCxR	l_0ErfuF	2026/2027	2026-09-13	2026-09-13T12:00:00+00:00	finished	t_4aQcO7	t_2DcXQn	Celta Vigo	Málaga	Celta Vigo	Málaga	1.0	1.0		2026-10-02T15:40:02.266961+00:00	2	laliga	fx:dab87c133d5826f5ec0d	laliga:celta	laliga:malaga
m_4Gxl2t	l_0ErfuF	2026/2027	2026-09-13	2026-09-13T14:15:00+00:00	finished	t_0NnBSa	t_32jSEF	Levante	Barcelona	Levante	Barcelona	2.0	4.0		2026-10-02T15:40:02.266961+00:00	2	laliga	fx:10408b8829b7d1289af1	laliga:levante	laliga:barcelona
m_3qaBUG	l_0ErfuF	2026/2027	2026-09-13	2026-09-13T16:30:00+00:00	finished	t_3i7zAH	t_2xafLl	Getafe	Deportivo A Coruña	Getafe	Deportivo A Coruña	1.0	1.0		2026-10-02T15:40:02.266961+00:00	2	laliga			
m_3iO3fT	l_0ErfuF	2026/2027	2026-09-13	2026-09-13T19:00:00+00:00	finished	t_1hKtUw	t_3NIiXl	Real Sociedad	Atlético Madrid	Real Sociedad	Atlético Madrid	0.0	3.0		2026-10-02T15:40:02.266961+00:00	2	laliga	fx:6c3ba65d46a39c1d7b79	laliga:sociedad	laliga:ath-madrid
m_3AiwBV	l_0ErfuF	2026/2027	2026-09-14	2026-09-14T19:00:00+00:00	finished	t_4SV4jg	t_0HSzvM	Villarreal	Real Betis	Villarreal	Real Betis	1.0	2.0		2026-10-02T15:40:02.266961+00:00	2	laliga	fx:f4ac955b8a980bddba50	laliga:villarreal	laliga:betis
m_2JPb6A	l_0ErfuF	2026/2027	2026-09-15	2026-09-15T17:00:00+00:00	finished	t_17aOG3	t_3WlXqr	Rayo Vallecano	Espanyol	Rayo Vallecano	Espanyol	2.0	1.0		2026-10-02T15:40:02.266961+00:00	2	laliga	fx:58d0bafbcf5e9b0f84d2	laliga:vallecano	laliga:espanol
m_3NVWdj	l_0ErfuF	2026/2027	2026-09-15	2026-09-15T18:00:00+00:00	finished	t_1cpTpB	t_3TftmE	Deportivo Alavés	Valencia	Deportivo Alavés	Valencia	0.0	1.0		2026-10-02T15:40:02.266961+00:00	2	laliga	fx:cf9e34379f8cdcacc559	laliga:alaves	laliga:valencia
m_02ZDpl	l_0ErfuF	2026/2027	2026-09-15	2026-09-15T19:30:00+00:00	finished	t_2PLTQW	t_4NZcri	Elche	Real Madrid	Elche	Real Madrid	2.0	3.0		2026-10-02T15:40:02.266961+00:00	2	laliga	fx:41d0bdb5fcc7d28678ac	laliga:elche	laliga:real-madrid
m_29PgZ9	l_0ErfuF	2026/2027	2026-09-16	2026-09-16T17:00:00+00:00	finished	t_3NIiXl	t_0HBI4G	Atlético Madrid	Osasuna	Atlético Madrid	Osasuna	4.0	0.0		2026-10-02T15:40:02.266961+00:00	2	laliga	fx:e89eda6f5c47954f9164	laliga:ath-madrid	laliga:osasuna
m_2OAFtR	l_0ErfuF	2026/2027	2026-09-16	2026-09-16T17:00:00+00:00	finished	t_2xafLl	t_4XayA9	Deportivo A Coruña	Sevilla	Deportivo A Coruña	Sevilla	0.0	1.0		2026-10-02T15:40:02.266961+00:00	2	laliga			
m_2TktPC	l_0ErfuF	2026/2027	2026-09-16	2026-09-16T19:30:00+00:00	finished	t_32jSEF	t_3kAVv6	Barcelona	Racing Santander	Barcelona	Racing Santander	7.0	2.0		2026-10-02T15:40:02.266961+00:00	2	laliga			
m_2i5fbH	l_0ErfuF	2026/2027	2026-09-17	2026-09-17T17:00:00+00:00	finished	t_0HSzvM	t_3i7zAH	Real Betis	Getafe	Real Betis	Getafe	1.0	0.0		2026-10-02T15:40:02.266961+00:00	2	laliga	fx:0baf18502dd42cf6aa83	laliga:betis	laliga:getafe
m_2s6l0S	l_0ErfuF	2026/2027	2026-09-17	2026-09-17T19:30:00+00:00	finished	t_2DcXQn	t_4SV4jg	Málaga	Villarreal	Málaga	Villarreal	1.0	3.0		2026-10-02T15:40:02.266961+00:00	2	laliga	fx:ea626517f3a9984c3545	laliga:malaga	laliga:villarreal
m_4XCcaN	l_0ErfuF	2026/2027	2026-09-18	2026-09-18T19:00:00+00:00	finished	t_3WlXqr	t_2PLTQW	Espanyol	Elche	Espanyol	Elche	1.0	3.0		2026-10-02T15:40:02.266961+00:00	2	laliga	fx:ce43cb8a26ff3e9862d7	laliga:espanol	laliga:elche
m_4bJZ0Q	l_0ErfuF	2026/2027	2026-09-19	2026-09-19T12:00:00+00:00	finished	t_0HBI4G	t_17aOG3	Osasuna	Rayo Vallecano	Osasuna	Rayo Vallecano	1.0	1.0		2026-10-02T15:40:02.266961+00:00	2	laliga	fx:a2e6fdef44c14882c86d	laliga:osasuna	laliga:vallecano
m_4B6vVD	l_0ErfuF	2026/2027	2026-09-19	2026-09-19T14:15:00+00:00	finished	t_3kZPrE	t_1cpTpB	Athletic Club	Deportivo Alavés	Athletic Club	Deportivo Alavés	0.0	0.0		2026-10-02T15:40:02.266961+00:00	2	laliga	fx:f90397af180639dbf85f	laliga:ath-bilbao	laliga:alaves
m_1v0Bty	l_0ErfuF	2026/2027	2026-09-19	2026-09-19T16:30:00+00:00	finished	t_4aQcO7	t_3kAVv6	Celta Vigo	Racing Santander	Celta Vigo	Racing Santander	5.0	0.0		2026-10-02T15:40:02.266961+00:00	2	laliga			
m_3h30LC	l_0ErfuF	2026/2027	2026-09-19	2026-09-19T19:00:00+00:00	finished	t_4XayA9	t_32jSEF	Sevilla	Barcelona	Sevilla	Barcelona	1.0	3.0		2026-10-02T15:40:02.266961+00:00	2	laliga	fx:5286ff6f2879448b2556	laliga:sevilla	laliga:barcelona
m_3Rgvpc	l_0ErfuF	2026/2027	2026-09-20	2026-09-20T12:00:00+00:00	finished	t_3i7zAH	t_2DcXQn	Getafe	Málaga	Getafe	Málaga	1.0	0.0		2026-10-02T15:40:02.266961+00:00	2	laliga	fx:5fa8e0988db68d6d3132	laliga:getafe	laliga:malaga
m_4YVQy0	l_0ErfuF	2026/2027	2026-09-20	2026-09-20T14:15:00+00:00	finished	t_3NIiXl	t_4NZcri	Atlético Madrid	Real Madrid	Atlético Madrid	Real Madrid	2.0	1.0		2026-10-02T15:40:02.266961+00:00	2	laliga	fx:29baa62c1b3eb0f02553	laliga:ath-madrid	laliga:real-madrid
m_18yHTu	l_0ErfuF	2026/2027	2026-09-20	2026-09-20T16:30:00+00:00	finished	t_4SV4jg	t_0NnBSa	Villarreal	Levante	Villarreal	Levante	3.0	1.0		2026-10-02T15:40:02.266961+00:00	2	laliga	fx:9574e418eaec865a191b	laliga:villarreal	laliga:levante
m_3Vge7c	l_0ErfuF	2026/2027	2026-09-20	2026-09-20T16:30:00+00:00	finished	t_2xafLl	t_0HSzvM	Deportivo A Coruña	Real Betis	Deportivo A Coruña	Real Betis	1.0	1.0		2026-10-02T15:40:02.266961+00:00	2	laliga			
m_2xFzTm	l_0ErfuF	2026/2027	2026-09-20	2026-09-20T19:00:00+00:00	finished	t_3TftmE	t_1hKtUw	Valencia	Real Sociedad	Valencia	Real Sociedad	2.0	3.0		2026-10-02T15:40:02.266961+00:00	2	laliga	fx:a325bdd2a5f1f09f60d7	laliga:valencia	laliga:sociedad
m_3kptBK	l_0ErfuF	2026/2027	2026-10-09	2026-10-09T19:00:00+00:00	not_started	t_2DcXQn	t_3WlXqr	Málaga	Espanyol	Málaga	Espanyol				2026-10-02T15:53:48.654224+00:00	2	laliga			
m_19qggZ	l_0ErfuF	2026/2027	2026-10-10	2026-10-10T12:00:00+00:00	not_started	t_17aOG3	t_3kZPrE	Rayo Vallecano	Athletic Club	Rayo Vallecano	Athletic Club				2026-10-02T15:53:48.654224+00:00	2	laliga	laliga:football-data:564698	laliga:vallecano	laliga:ath-bilbao
m_2HMhcZ	l_0ErfuF	2026/2027	2026-10-10	2026-10-10T14:15:00+00:00	not_started	t_1cpTpB	t_3NIiXl	Deportivo Alavés	Atlético Madrid	Deportivo Alavés	Atlético Madrid				2026-10-02T15:53:48.654224+00:00	2	laliga	laliga:football-data:564699	laliga:alaves	laliga:ath-madrid
m_4HSsqt	l_0ErfuF	2026/2027	2026-10-10	2026-10-10T16:30:00+00:00	not_started	t_32jSEF	t_3i7zAH	Barcelona	Getafe	Barcelona	Getafe				2026-10-02T15:53:48.654224+00:00	2	laliga	laliga:football-data:564700	laliga:barcelona	laliga:getafe
m_2sXiE5	l_0ErfuF	2026/2027	2026-10-10	2026-10-10T19:00:00+00:00	not_started	t_4NZcri	t_4SV4jg	Real Madrid	Villarreal	Real Madrid	Villarreal				2026-10-02T15:53:48.654224+00:00	2	laliga	laliga:football-data:564702	laliga:real-madrid	laliga:villarreal
m_3QSUEv	l_0ErfuF	2026/2027	2026-10-11	2026-10-11T12:00:00+00:00	not_started	t_2PLTQW	t_4aQcO7	Elche	Celta Vigo	Elche	Celta Vigo				2026-10-02T15:53:48.654224+00:00	2	laliga	laliga:football-data:564703	laliga:elche	laliga:celta
m_3mQtAM	l_0ErfuF	2026/2027	2026-10-11	2026-10-11T14:15:00+00:00	not_started	t_1hKtUw	t_2xafLl	Real Sociedad	Deportivo A Coruña	Real Sociedad	Deportivo A Coruña				2026-10-02T15:53:48.654224+00:00	2	laliga			
m_3PazTX	l_0ErfuF	2026/2027	2026-10-11	2026-10-11T16:30:00+00:00	not_started	t_0HSzvM	t_0HBI4G	Real Betis	Osasuna	Real Betis	Osasuna				2026-10-02T15:53:48.654224+00:00	2	laliga	laliga:football-data:564701	laliga:betis	laliga:osasuna
m_4RL4QY	l_0ErfuF	2026/2027	2026-10-11	2026-10-11T19:00:00+00:00	not_started	t_3kAVv6	t_3TftmE	Racing Santander	Valencia	Racing Santander	Valencia				2026-10-02T15:53:48.654224+00:00	2	laliga			
m_2Nuzb0	l_0ErfuF	2026/2027	2026-10-12	2026-10-12T19:00:00+00:00	not_started	t_0NnBSa	t_4XayA9	Levante	Sevilla	Levante	Sevilla				2026-10-02T15:53:48.654224+00:00	2	laliga	laliga:football-data:564704	laliga:levante	laliga:sevilla
m_1vMG4I	l_0ErfuF	2026/2027	2026-10-16	2026-10-16T19:00:00+00:00	not_started	t_2xafLl	t_0NnBSa	Deportivo A Coruña	Levante	Deportivo A Coruña	Levante				2026-10-02T15:53:48.654224+00:00	2	laliga			
m_0MHtdh	l_0ErfuF	2026/2027	2026-10-17	2026-10-17T12:00:00+00:00	not_started	t_3WlXqr	t_3NIiXl	Espanyol	Atlético Madrid	Espanyol	Atlético Madrid				2026-10-02T15:53:48.654224+00:00	2	laliga	laliga:football-data:564710	laliga:espanol	laliga:ath-madrid
m_0QudQW	l_0ErfuF	2026/2027	2026-10-17	2026-10-17T14:15:00+00:00	not_started	t_4SV4jg	t_2PLTQW	Villarreal	Elche	Villarreal	Elche				2026-10-02T15:53:48.654224+00:00	2	laliga	laliga:football-data:564708	laliga:villarreal	laliga:elche
m_10CVCK	l_0ErfuF	2026/2027	2026-10-17	2026-10-17T16:30:00+00:00	not_started	t_0HSzvM	t_32jSEF	Real Betis	Barcelona	Real Betis	Barcelona				2026-10-02T15:53:48.654224+00:00	2	laliga	laliga:football-data:564713	laliga:betis	laliga:barcelona
m_301zqq	l_0ErfuF	2026/2027	2026-10-17	2026-10-17T19:00:00+00:00	not_started	t_3TftmE	t_3kZPrE	Valencia	Athletic Club	Valencia	Athletic Club				2026-10-02T15:53:48.654224+00:00	2	laliga	laliga:football-data:564711	laliga:valencia	laliga:ath-bilbao
m_2px4Ra	l_0ErfuF	2026/2027	2026-10-18	2026-10-18T12:00:00+00:00	not_started	t_0HBI4G	t_3kAVv6	Osasuna	Racing Santander	Osasuna	Racing Santander				2026-10-02T15:53:48.654224+00:00	2	laliga			
m_2gB2TY	l_0ErfuF	2026/2027	2026-10-18	2026-10-18T14:15:00+00:00	not_started	t_4aQcO7	t_1cpTpB	Celta Vigo	Deportivo Alavés	Celta Vigo	Deportivo Alavés				2026-10-02T15:53:48.654224+00:00	2	laliga	laliga:football-data:564712	laliga:celta	laliga:alaves
m_2ow96v	l_0ErfuF	2026/2027	2026-10-18	2026-10-18T16:30:00+00:00	not_started	t_2DcXQn	t_1hKtUw	Málaga	Real Sociedad	Málaga	Real Sociedad				2026-10-02T15:53:48.654224+00:00	2	laliga			
m_42Fvm8	l_0ErfuF	2026/2027	2026-10-18	2026-10-18T19:00:00+00:00	not_started	t_4NZcri	t_4XayA9	Real Madrid	Sevilla	Real Madrid	Sevilla				2026-10-02T15:53:48.654224+00:00	2	laliga	laliga:football-data:564709	laliga:real-madrid	laliga:sevilla
m_13g2y0	l_0ErfuF	2026/2027	2026-10-19	2026-10-19T19:00:00+00:00	not_started	t_3i7zAH	t_17aOG3	Getafe	Rayo Vallecano	Getafe	Rayo Vallecano				2026-10-02T15:53:48.654224+00:00	2	laliga	laliga:football-data:564717	laliga:getafe	laliga:vallecano
m_0bCfNS	l_0ErfuF	2026/2027	2026-10-21	2026-10-21T18:00:00+00:00	not_started	t_0NnBSa	t_3kZPrE	Levante	Athletic Club	Levante	Athletic Club				2026-10-02T15:53:48.654224+00:00	2	laliga	laliga:football-data:564685	laliga:levante	laliga:ath-bilbao
m_23U7CS	l_0ErfuF	2026/2027	2026-10-23	2026-10-23T19:00:00+00:00	not_started	t_1cpTpB	t_2DcXQn	Deportivo Alavés	Málaga	Deportivo Alavés	Málaga				2026-10-02T15:53:48.654224+00:00	2	laliga			
m_2Cci0A	l_0ErfuF	2026/2027	2026-10-24	2026-10-24T12:00:00+00:00	not_started	t_17aOG3	t_2PLTQW	Rayo Vallecano	Elche	Rayo Vallecano	Elche				2026-10-02T15:53:48.654224+00:00	2	laliga	laliga:football-data:564718	laliga:vallecano	laliga:elche
m_3KxIGS	l_0ErfuF	2026/2027	2026-10-24	2026-10-24T14:15:00+00:00	not_started	t_3kAVv6	t_3WlXqr	Racing Santander	Espanyol	Racing Santander	Espanyol				2026-10-02T15:53:48.654224+00:00	2	laliga			
m_0il15v	l_0ErfuF	2026/2027	2026-10-24	2026-10-24T16:30:00+00:00	not_started	t_3TftmE	t_4SV4jg	Valencia	Villarreal	Valencia	Villarreal				2026-10-02T15:53:48.654224+00:00	2	laliga	laliga:football-data:564722	laliga:valencia	laliga:villarreal
m_4X5cOZ	l_0ErfuF	2026/2027	2026-10-24	2026-10-24T19:00:00+00:00	not_started	t_3NIiXl	t_2xafLl	Atlético Madrid	Deportivo A Coruña	Atlético Madrid	Deportivo A Coruña				2026-10-02T15:53:48.654224+00:00	2	laliga			
m_1PJrKk	l_0ErfuF	2026/2027	2026-10-25	2026-10-25T13:00:00+00:00	not_started	t_3kZPrE	t_3i7zAH	Athletic Club	Getafe	Athletic Club	Getafe				2026-10-02T15:53:48.654224+00:00	2	laliga	laliga:football-data:564720	laliga:ath-bilbao	laliga:getafe
m_1Nmiaa	l_0ErfuF	2026/2027	2026-10-25	2026-10-25T15:15:00+00:00	not_started	t_4aQcO7	t_0HSzvM	Celta Vigo	Real Betis	Celta Vigo	Real Betis				2026-10-02T15:53:48.654224+00:00	2	laliga	laliga:football-data:564725	laliga:celta	laliga:betis
m_22ay5L	l_0ErfuF	2026/2027	2026-10-25	2026-10-25T17:30:00+00:00	not_started	t_1hKtUw	t_0NnBSa	Real Sociedad	Levante	Real Sociedad	Levante				2026-10-02T15:53:48.654224+00:00	2	laliga	laliga:football-data:564726	laliga:sociedad	laliga:levante
m_1fvtTi	l_0ErfuF	2026/2027	2026-10-25	2026-10-25T20:00:00+00:00	not_started	t_32jSEF	t_4NZcri	Barcelona	Real Madrid	Barcelona	Real Madrid				2026-10-02T15:53:48.654224+00:00	2	laliga	laliga:football-data:564723	laliga:barcelona	laliga:real-madrid
m_1XOUXe	l_0ErfuF	2026/2027	2026-10-26	2026-10-26T20:00:00+00:00	not_started	t_4XayA9	t_0HBI4G	Sevilla	Osasuna	Sevilla	Osasuna				2026-10-02T15:53:48.654224+00:00	2	laliga	laliga:football-data:564721	laliga:sevilla	laliga:osasuna
m_0LxVGC	l_0ErfuF	2026/2027	2026-11-01	2026-11-01T14:00:00+00:00	not_started	t_0NnBSa	t_3NIiXl	Levante	Atlético Madrid	Levante	Atlético Madrid				2026-10-02T15:53:48.654224+00:00	2	laliga			
m_0c2nEn	l_0ErfuF	2026/2027	2026-11-01	2026-11-01T14:00:00+00:00	not_started	t_0HSzvM	t_2DcXQn	Real Betis	Málaga	Real Betis	Málaga				2026-10-02T15:53:48.654224+00:00	2	laliga			
m_0i0ZRd	l_0ErfuF	2026/2027	2026-11-01	2026-11-01T14:00:00+00:00	not_started	t_4SV4jg	t_3WlXqr	Villarreal	Espanyol	Villarreal	Espanyol				2026-10-02T15:53:48.654224+00:00	2	laliga			
m_2P8d0o	l_0ErfuF	2026/2027	2026-11-01	2026-11-01T14:00:00+00:00	not_started	t_2xafLl	t_0HBI4G	Deportivo A Coruña	Osasuna	Deportivo A Coruña	Osasuna				2026-10-02T15:53:48.654224+00:00	2	laliga			
m_34Q5mN	l_0ErfuF	2026/2027	2026-11-01	2026-11-01T14:00:00+00:00	not_started	t_3kZPrE	t_1hKtUw	Athletic Club	Real Sociedad	Athletic Club	Real Sociedad				2026-10-02T15:53:48.654224+00:00	2	laliga			
m_3CY7K4	l_0ErfuF	2026/2027	2026-11-01	2026-11-01T14:00:00+00:00	not_started	t_3i7zAH	t_4XayA9	Getafe	Sevilla	Getafe	Sevilla				2026-10-02T15:53:48.654224+00:00	2	laliga			
m_3Zye1t	l_0ErfuF	2026/2027	2026-11-01	2026-11-01T14:00:00+00:00	not_started	t_3kAVv6	t_4NZcri	Racing Santander	Real Madrid	Racing Santander	Real Madrid				2026-10-02T15:53:48.654224+00:00	2	laliga			
m_4KvglU	l_0ErfuF	2026/2027	2026-11-01	2026-11-01T14:00:00+00:00	not_started	t_17aOG3	t_4aQcO7	Rayo Vallecano	Celta Vigo	Rayo Vallecano	Celta Vigo				2026-10-02T15:53:48.654224+00:00	2	laliga			
m_4b9xEU	l_0ErfuF	2026/2027	2026-11-01	2026-11-01T14:00:00+00:00	not_started	t_32jSEF	t_1cpTpB	Barcelona	Deportivo Alavés	Barcelona	Deportivo Alavés				2026-10-02T15:53:48.654224+00:00	2	laliga			
m_4fAP3c	l_0ErfuF	2026/2027	2026-11-01	2026-11-01T14:00:00+00:00	not_started	t_2PLTQW	t_3TftmE	Elche	Valencia	Elche	Valencia				2026-10-02T15:53:48.654224+00:00	2	laliga			
m_0cvasI	l_0ErfuF	2026/2027	2026-11-08	2026-11-08T14:00:00+00:00	not_started	t_2DcXQn	t_3kAVv6	Málaga	Racing Santander	Málaga	Racing Santander				2026-10-02T15:53:48.654224+00:00	2	laliga			
m_1FwCGv	l_0ErfuF	2026/2027	2026-11-08	2026-11-08T14:00:00+00:00	not_started	t_3NIiXl	t_32jSEF	Atlético Madrid	Barcelona	Atlético Madrid	Barcelona				2026-10-02T15:53:48.654224+00:00	2	laliga			
m_1wSi73	l_0ErfuF	2026/2027	2026-11-08	2026-11-08T14:00:00+00:00	not_started	t_4aQcO7	t_0NnBSa	Celta Vigo	Levante	Celta Vigo	Levante				2026-10-02T15:53:48.654224+00:00	2	laliga			
m_2s2FJD	l_0ErfuF	2026/2027	2026-11-08	2026-11-08T14:00:00+00:00	not_started	t_0HBI4G	t_3kZPrE	Osasuna	Athletic Club	Osasuna	Athletic Club				2026-10-02T15:53:48.654224+00:00	2	laliga			
m_30eKwT	l_0ErfuF	2026/2027	2026-11-08	2026-11-08T14:00:00+00:00	not_started	t_3WlXqr	t_2xafLl	Espanyol	Deportivo A Coruña	Espanyol	Deportivo A Coruña				2026-10-02T15:53:48.654224+00:00	2	laliga			
m_3apOTP	l_0ErfuF	2026/2027	2026-11-08	2026-11-08T14:00:00+00:00	not_started	t_4XayA9	t_1cpTpB	Sevilla	Deportivo Alavés	Sevilla	Deportivo Alavés				2026-10-02T15:53:48.654224+00:00	2	laliga			
m_3pLoZ3	l_0ErfuF	2026/2027	2026-11-08	2026-11-08T14:00:00+00:00	not_started	t_1hKtUw	t_17aOG3	Real Sociedad	Rayo Vallecano	Real Sociedad	Rayo Vallecano				2026-10-02T15:53:48.654224+00:00	2	laliga			
m_3s9Uyk	l_0ErfuF	2026/2027	2026-11-08	2026-11-08T14:00:00+00:00	not_started	t_3TftmE	t_4NZcri	Valencia	Real Madrid	Valencia	Real Madrid				2026-10-02T15:53:48.654224+00:00	2	laliga			
m_47KsEj	l_0ErfuF	2026/2027	2026-11-08	2026-11-08T14:00:00+00:00	not_started	t_2PLTQW	t_0HSzvM	Elche	Real Betis	Elche	Real Betis				2026-10-02T15:53:48.654224+00:00	2	laliga			
m_4ChvE9	l_0ErfuF	2026/2027	2026-11-08	2026-11-08T14:00:00+00:00	not_started	t_4SV4jg	t_3i7zAH	Villarreal	Getafe	Villarreal	Getafe				2026-10-02T15:53:48.654224+00:00	2	laliga			
m_0iaTdE	l_0ErfuF	2026/2027	2026-11-22	2026-11-22T14:00:00+00:00	not_started	t_3kZPrE	t_3WlXqr	Athletic Club	Espanyol	Athletic Club	Espanyol				2026-10-02T15:53:48.654224+00:00	2	laliga			
m_101pSt	l_0ErfuF	2026/2027	2026-11-22	2026-11-22T14:00:00+00:00	not_started	t_4NZcri	t_4aQcO7	Real Madrid	Celta Vigo	Real Madrid	Celta Vigo				2026-10-02T15:53:48.654224+00:00	2	laliga			
m_1MrgIP	l_0ErfuF	2026/2027	2026-11-22	2026-11-22T14:00:00+00:00	not_started	t_1cpTpB	t_2xafLl	Deportivo Alavés	Deportivo A Coruña	Deportivo Alavés	Deportivo A Coruña				2026-10-02T15:53:48.654224+00:00	2	laliga			
m_25yFU8	l_0ErfuF	2026/2027	2026-11-22	2026-11-22T14:00:00+00:00	not_started	t_0HBI4G	t_2DcXQn	Osasuna	Málaga	Osasuna	Málaga				2026-10-02T15:53:48.654224+00:00	2	laliga			
m_2WvtVu	l_0ErfuF	2026/2027	2026-11-22	2026-11-22T14:00:00+00:00	not_started	t_3kAVv6	t_1hKtUw	Racing Santander	Real Sociedad	Racing Santander	Real Sociedad				2026-10-02T15:53:48.654224+00:00	2	laliga			
m_2xAkEu	l_0ErfuF	2026/2027	2026-11-22	2026-11-22T14:00:00+00:00	not_started	t_32jSEF	t_4SV4jg	Barcelona	Villarreal	Barcelona	Villarreal				2026-10-02T15:53:48.654224+00:00	2	laliga			
m_3JKUH6	l_0ErfuF	2026/2027	2026-11-22	2026-11-22T14:00:00+00:00	not_started	t_17aOG3	t_3TftmE	Rayo Vallecano	Valencia	Rayo Vallecano	Valencia				2026-10-02T15:53:48.654224+00:00	2	laliga			
m_3ZF56r	l_0ErfuF	2026/2027	2026-11-22	2026-11-22T14:00:00+00:00	not_started	t_3i7zAH	t_3NIiXl	Getafe	Atlético Madrid	Getafe	Atlético Madrid				2026-10-02T15:53:48.654224+00:00	2	laliga			
m_3jVoFq	l_0ErfuF	2026/2027	2026-11-22	2026-11-22T14:00:00+00:00	not_started	t_0NnBSa	t_2PLTQW	Levante	Elche	Levante	Elche				2026-10-02T15:53:48.654224+00:00	2	laliga			
m_4DeisY	l_0ErfuF	2026/2027	2026-11-22	2026-11-22T14:00:00+00:00	not_started	t_4XayA9	t_0HSzvM	Sevilla	Real Betis	Sevilla	Real Betis				2026-10-02T15:53:48.654224+00:00	2	laliga			
m_08z59s	l_0ErfuF	2026/2027	2026-11-29	2026-11-29T14:00:00+00:00	not_started	t_0HSzvM	t_17aOG3	Real Betis	Rayo Vallecano	Real Betis	Rayo Vallecano				2026-10-02T15:53:48.654224+00:00	2	laliga			
m_0Ug8cm	l_0ErfuF	2026/2027	2026-11-29	2026-11-29T14:00:00+00:00	not_started	t_2PLTQW	t_3NIiXl	Elche	Atlético Madrid	Elche	Atlético Madrid				2026-10-02T15:53:48.654224+00:00	2	laliga			
m_29RFV7	l_0ErfuF	2026/2027	2026-11-29	2026-11-29T14:00:00+00:00	not_started	t_2DcXQn	t_3kZPrE	Málaga	Athletic Club	Málaga	Athletic Club				2026-10-02T15:53:48.654224+00:00	2	laliga			
m_2Yqjou	l_0ErfuF	2026/2027	2026-11-29	2026-11-29T14:00:00+00:00	not_started	t_1hKtUw	t_4XayA9	Real Sociedad	Sevilla	Real Sociedad	Sevilla				2026-10-02T15:53:48.654224+00:00	2	laliga			
m_33dRGf	l_0ErfuF	2026/2027	2026-11-29	2026-11-29T14:00:00+00:00	not_started	t_3TftmE	t_0HBI4G	Valencia	Osasuna	Valencia	Osasuna				2026-10-02T15:53:48.654224+00:00	2	laliga			
m_3N7OsF	l_0ErfuF	2026/2027	2026-11-29	2026-11-29T14:00:00+00:00	not_started	t_0NnBSa	t_3kAVv6	Levante	Racing Santander	Levante	Racing Santander				2026-10-02T15:53:48.654224+00:00	2	laliga			
m_3WXB3J	l_0ErfuF	2026/2027	2026-11-29	2026-11-29T14:00:00+00:00	not_started	t_4aQcO7	t_4SV4jg	Celta Vigo	Villarreal	Celta Vigo	Villarreal				2026-10-02T15:53:48.654224+00:00	2	laliga			
m_3iTvoj	l_0ErfuF	2026/2027	2026-11-29	2026-11-29T14:00:00+00:00	not_started	t_3WlXqr	t_3i7zAH	Espanyol	Getafe	Espanyol	Getafe				2026-10-02T15:53:48.654224+00:00	2	laliga			
m_3rnAZg	l_0ErfuF	2026/2027	2026-11-29	2026-11-29T14:00:00+00:00	not_started	t_4NZcri	t_1cpTpB	Real Madrid	Deportivo Alavés	Real Madrid	Deportivo Alavés				2026-10-02T15:53:48.654224+00:00	2	laliga			
m_4fVjJA	l_0ErfuF	2026/2027	2026-11-29	2026-11-29T14:00:00+00:00	not_started	t_2xafLl	t_32jSEF	Deportivo A Coruña	Barcelona	Deportivo A Coruña	Barcelona				2026-10-02T15:53:48.654224+00:00	2	laliga			
m_01uOvF	l_0ErfuF	2026/2027	2026-12-06	2026-12-06T14:00:00+00:00	not_started	t_3kZPrE	t_4NZcri	Athletic Club	Real Madrid	Athletic Club	Real Madrid				2026-10-02T15:53:48.654224+00:00	2	laliga			
m_0ntmar	l_0ErfuF	2026/2027	2026-12-06	2026-12-06T14:00:00+00:00	not_started	t_32jSEF	t_4aQcO7	Barcelona	Celta Vigo	Barcelona	Celta Vigo				2026-10-02T15:53:48.654224+00:00	2	laliga			
m_0qKSVy	l_0ErfuF	2026/2027	2026-12-06	2026-12-06T14:00:00+00:00	not_started	t_3i7zAH	t_3TftmE	Getafe	Valencia	Getafe	Valencia				2026-10-02T15:53:48.654224+00:00	2	laliga			
m_1Phfld	l_0ErfuF	2026/2027	2026-12-06	2026-12-06T14:00:00+00:00	not_started	t_4SV4jg	t_1hKtUw	Villarreal	Real Sociedad	Villarreal	Real Sociedad				2026-10-02T15:53:48.654224+00:00	2	laliga			
m_28uqzt	l_0ErfuF	2026/2027	2026-12-06	2026-12-06T14:00:00+00:00	not_started	t_17aOG3	t_0NnBSa	Rayo Vallecano	Levante	Rayo Vallecano	Levante				2026-10-02T15:53:48.654224+00:00	2	laliga			
m_2Q1o5z	l_0ErfuF	2026/2027	2026-12-06	2026-12-06T14:00:00+00:00	not_started	t_3NIiXl	t_0HSzvM	Atlético Madrid	Real Betis	Atlético Madrid	Real Betis				2026-10-02T15:53:48.654224+00:00	2	laliga			
m_3lOups	l_0ErfuF	2026/2027	2026-12-06	2026-12-06T14:00:00+00:00	not_started	t_1cpTpB	t_3WlXqr	Deportivo Alavés	Espanyol	Deportivo Alavés	Espanyol				2026-10-02T15:53:48.654224+00:00	2	laliga			
m_3vr3oj	l_0ErfuF	2026/2027	2026-12-06	2026-12-06T14:00:00+00:00	not_started	t_3kAVv6	t_2xafLl	Racing Santander	Deportivo A Coruña	Racing Santander	Deportivo A Coruña				2026-10-02T15:53:48.654224+00:00	2	laliga			
m_4Vrs6K	l_0ErfuF	2026/2027	2026-12-06	2026-12-06T14:00:00+00:00	not_started	t_0HBI4G	t_2PLTQW	Osasuna	Elche	Osasuna	Elche				2026-10-02T15:53:48.654224+00:00	2	laliga			
m_4ZGP6b	l_0ErfuF	2026/2027	2026-12-06	2026-12-06T14:00:00+00:00	not_started	t_4XayA9	t_2DcXQn	Sevilla	Málaga	Sevilla	Málaga				2026-10-02T15:53:48.654224+00:00	2	laliga			
m_00Ws6m	l_0ErfuF	2026/2027	2026-12-13	2026-12-13T14:00:00+00:00	not_started	t_3NIiXl	t_3TftmE	Atlético Madrid	Valencia	Atlético Madrid	Valencia				2026-10-02T15:53:48.654224+00:00	2	laliga			
m_03ixj1	l_0ErfuF	2026/2027	2026-12-13	2026-12-13T14:00:00+00:00	not_started	t_4SV4jg	t_17aOG3	Villarreal	Rayo Vallecano	Villarreal	Rayo Vallecano				2026-10-02T15:53:48.654224+00:00	2	laliga			
m_0XSCpa	l_0ErfuF	2026/2027	2026-12-13	2026-12-13T14:00:00+00:00	not_started	t_1hKtUw	t_3i7zAH	Real Sociedad	Getafe	Real Sociedad	Getafe				2026-10-02T15:53:48.654224+00:00	2	laliga			
m_0ZUVTx	l_0ErfuF	2026/2027	2026-12-13	2026-12-13T14:00:00+00:00	not_started	t_4NZcri	t_0HBI4G	Real Madrid	Osasuna	Real Madrid	Osasuna				2026-10-02T15:53:48.654224+00:00	2	laliga			
m_0c0TBD	l_0ErfuF	2026/2027	2026-12-13	2026-12-13T14:00:00+00:00	not_started	t_3WlXqr	t_4aQcO7	Espanyol	Celta Vigo	Espanyol	Celta Vigo				2026-10-02T15:53:48.654224+00:00	2	laliga			
m_2431vy	l_0ErfuF	2026/2027	2026-12-13	2026-12-13T14:00:00+00:00	not_started	t_2PLTQW	t_4XayA9	Elche	Sevilla	Elche	Sevilla				2026-10-02T15:53:48.654224+00:00	2	laliga			
m_3XVYnj	l_0ErfuF	2026/2027	2026-12-13	2026-12-13T14:00:00+00:00	not_started	t_2xafLl	t_3kZPrE	Deportivo A Coruña	Athletic Club	Deportivo A Coruña	Athletic Club				2026-10-02T15:53:48.654224+00:00	2	laliga			
m_4DCoM4	l_0ErfuF	2026/2027	2026-12-13	2026-12-13T14:00:00+00:00	not_started	t_0NnBSa	t_1cpTpB	Levante	Deportivo Alavés	Levante	Deportivo Alavés				2026-10-02T15:53:48.654224+00:00	2	laliga			
m_4JNDaw	l_0ErfuF	2026/2027	2026-12-13	2026-12-13T14:00:00+00:00	not_started	t_2DcXQn	t_32jSEF	Málaga	Barcelona	Málaga	Barcelona				2026-10-02T15:53:48.654224+00:00	2	laliga			
m_4NxA4l	l_0ErfuF	2026/2027	2026-12-13	2026-12-13T14:00:00+00:00	not_started	t_0HSzvM	t_3kAVv6	Real Betis	Racing Santander	Real Betis	Racing Santander				2026-10-02T15:53:48.654224+00:00	2	laliga			
m_00dgg0	l_0ErfuF	2026/2027	2026-12-20	2026-12-20T14:00:00+00:00	not_started	t_3kZPrE	t_0HSzvM	Athletic Club	Real Betis	Athletic Club	Real Betis				2026-10-02T15:53:48.654224+00:00	2	laliga			
m_0go2rn	l_0ErfuF	2026/2027	2026-12-20	2026-12-20T14:00:00+00:00	not_started	t_0HBI4G	t_4SV4jg	Osasuna	Villarreal	Osasuna	Villarreal				2026-10-02T15:53:48.654224+00:00	2	laliga			
m_0s01wq	l_0ErfuF	2026/2027	2026-12-20	2026-12-20T14:00:00+00:00	not_started	t_1cpTpB	t_2PLTQW	Deportivo Alavés	Elche	Deportivo Alavés	Elche				2026-10-02T15:53:48.654224+00:00	2	laliga			
m_1EKkEJ	l_0ErfuF	2026/2027	2026-12-20	2026-12-20T14:00:00+00:00	not_started	t_32jSEF	t_1hKtUw	Barcelona	Real Sociedad	Barcelona	Real Sociedad				2026-10-02T15:53:48.654224+00:00	2	laliga			
m_1mYzB9	l_0ErfuF	2026/2027	2026-12-20	2026-12-20T14:00:00+00:00	not_started	t_2xafLl	t_4NZcri	Deportivo A Coruña	Real Madrid	Deportivo A Coruña	Real Madrid				2026-10-02T15:53:48.654224+00:00	2	laliga			
m_1wATip	l_0ErfuF	2026/2027	2026-12-20	2026-12-20T14:00:00+00:00	not_started	t_3TftmE	t_3WlXqr	Valencia	Espanyol	Valencia	Espanyol				2026-10-02T15:53:48.654224+00:00	2	laliga			
m_2hhg1S	l_0ErfuF	2026/2027	2026-12-20	2026-12-20T14:00:00+00:00	not_started	t_3i7zAH	t_0NnBSa	Getafe	Levante	Getafe	Levante				2026-10-02T15:53:48.654224+00:00	2	laliga			
m_2loTaH	l_0ErfuF	2026/2027	2026-12-20	2026-12-20T14:00:00+00:00	not_started	t_4aQcO7	t_3NIiXl	Celta Vigo	Atlético Madrid	Celta Vigo	Atlético Madrid				2026-10-02T15:53:48.654224+00:00	2	laliga			
m_2xcToL	l_0ErfuF	2026/2027	2026-12-20	2026-12-20T14:00:00+00:00	not_started	t_4XayA9	t_3kAVv6	Sevilla	Racing Santander	Sevilla	Racing Santander				2026-10-02T15:53:48.654224+00:00	2	laliga			
m_49tcuR	l_0ErfuF	2026/2027	2026-12-20	2026-12-20T14:00:00+00:00	not_started	t_17aOG3	t_2DcXQn	Rayo Vallecano	Málaga	Rayo Vallecano	Málaga				2026-10-02T15:53:48.654224+00:00	2	laliga			
m_1kJWrV	l_0ErfuF	2026/2027	2027-01-03	2027-01-03T14:00:00+00:00	not_started	t_17aOG3	t_3NIiXl	Rayo Vallecano	Atlético Madrid	Rayo Vallecano	Atlético Madrid				2026-10-02T15:53:48.654224+00:00	2	laliga			
m_1w47EE	l_0ErfuF	2026/2027	2027-01-03	2027-01-03T14:00:00+00:00	not_started	t_0NnBSa	t_3TftmE	Levante	Valencia	Levante	Valencia				2026-10-02T15:53:48.654224+00:00	2	laliga			
m_2SeNTj	l_0ErfuF	2026/2027	2027-01-03	2027-01-03T14:00:00+00:00	not_started	t_0HSzvM	t_1cpTpB	Real Betis	Deportivo Alavés	Real Betis	Deportivo Alavés				2026-10-02T15:53:48.654224+00:00	2	laliga			
m_2hJ54g	l_0ErfuF	2026/2027	2027-01-03	2027-01-03T14:00:00+00:00	not_started	t_1hKtUw	t_0HBI4G	Real Sociedad	Osasuna	Real Sociedad	Osasuna				2026-10-02T15:53:48.654224+00:00	2	laliga			
m_3MKGgz	l_0ErfuF	2026/2027	2027-01-03	2027-01-03T14:00:00+00:00	not_started	t_3kAVv6	t_3kZPrE	Racing Santander	Athletic Club	Racing Santander	Athletic Club				2026-10-02T15:53:48.654224+00:00	2	laliga			
m_3NqFhr	l_0ErfuF	2026/2027	2027-01-03	2027-01-03T14:00:00+00:00	not_started	t_4SV4jg	t_4XayA9	Villarreal	Sevilla	Villarreal	Sevilla				2026-10-02T15:53:48.654224+00:00	2	laliga			
m_3dBKe4	l_0ErfuF	2026/2027	2027-01-03	2027-01-03T14:00:00+00:00	not_started	t_3WlXqr	t_32jSEF	Espanyol	Barcelona	Espanyol	Barcelona				2026-10-02T15:53:48.654224+00:00	2	laliga			
m_41oN1J	l_0ErfuF	2026/2027	2027-01-03	2027-01-03T14:00:00+00:00	not_started	t_4NZcri	t_3i7zAH	Real Madrid	Getafe	Real Madrid	Getafe				2026-10-02T15:53:48.654224+00:00	2	laliga			
m_43uzw6	l_0ErfuF	2026/2027	2027-01-03	2027-01-03T14:00:00+00:00	not_started	t_4aQcO7	t_2xafLl	Celta Vigo	Deportivo A Coruña	Celta Vigo	Deportivo A Coruña				2026-10-02T15:53:48.654224+00:00	2	laliga			
m_4c88cd	l_0ErfuF	2026/2027	2027-01-03	2027-01-03T14:00:00+00:00	not_started	t_2DcXQn	t_2PLTQW	Málaga	Elche	Málaga	Elche				2026-10-02T15:53:48.654224+00:00	2	laliga			
m_0DOVbq	l_0ErfuF	2026/2027	2027-01-10	2027-01-10T14:00:00+00:00	not_started	t_3WlXqr	t_0HSzvM	Espanyol	Real Betis	Espanyol	Real Betis				2026-10-02T15:53:48.654224+00:00	2	laliga			
m_1P1IvS	l_0ErfuF	2026/2027	2027-01-10	2027-01-10T14:00:00+00:00	not_started	t_3NIiXl	t_3kAVv6	Atlético Madrid	Racing Santander	Atlético Madrid	Racing Santander				2026-10-02T15:53:48.654224+00:00	2	laliga			
m_1hvriH	l_0ErfuF	2026/2027	2027-01-10	2027-01-10T14:00:00+00:00	not_started	t_2PLTQW	t_3i7zAH	Elche	Getafe	Elche	Getafe				2026-10-02T15:53:48.654224+00:00	2	laliga			
m_26aYth	l_0ErfuF	2026/2027	2027-01-10	2027-01-10T14:00:00+00:00	not_started	t_4NZcri	t_0NnBSa	Real Madrid	Levante	Real Madrid	Levante				2026-10-02T15:53:48.654224+00:00	2	laliga			
m_2GHWqm	l_0ErfuF	2026/2027	2027-01-10	2027-01-10T14:00:00+00:00	not_started	t_2xafLl	t_17aOG3	Deportivo A Coruña	Rayo Vallecano	Deportivo A Coruña	Rayo Vallecano				2026-10-02T15:53:48.654224+00:00	2	laliga			
m_2I99dH	l_0ErfuF	2026/2027	2027-01-10	2027-01-10T14:00:00+00:00	not_started	t_3TftmE	t_2DcXQn	Valencia	Málaga	Valencia	Málaga				2026-10-02T15:53:48.654224+00:00	2	laliga			
m_3Lm6Hh	l_0ErfuF	2026/2027	2027-01-10	2027-01-10T14:00:00+00:00	not_started	t_0HBI4G	t_32jSEF	Osasuna	Barcelona	Osasuna	Barcelona				2026-10-02T15:53:48.654224+00:00	2	laliga			
m_4AXPmw	l_0ErfuF	2026/2027	2027-01-10	2027-01-10T14:00:00+00:00	not_started	t_4XayA9	t_4aQcO7	Sevilla	Celta Vigo	Sevilla	Celta Vigo				2026-10-02T15:53:48.654224+00:00	2	laliga			
m_4DV6zr	l_0ErfuF	2026/2027	2027-01-10	2027-01-10T14:00:00+00:00	not_started	t_1cpTpB	t_1hKtUw	Deportivo Alavés	Real Sociedad	Deportivo Alavés	Real Sociedad				2026-10-02T15:53:48.654224+00:00	2	laliga			
m_4DmIlA	l_0ErfuF	2026/2027	2027-01-10	2027-01-10T14:00:00+00:00	not_started	t_3kZPrE	t_4SV4jg	Athletic Club	Villarreal	Athletic Club	Villarreal				2026-10-02T15:53:48.654224+00:00	2	laliga			
m_0Rm0Uj	l_0ErfuF	2026/2027	2027-01-17	2027-01-17T14:00:00+00:00	not_started	t_3i7zAH	t_3kZPrE	Getafe	Athletic Club	Getafe	Athletic Club				2026-10-02T15:53:48.654224+00:00	2	laliga			
m_1Bkol5	l_0ErfuF	2026/2027	2027-01-17	2027-01-17T14:00:00+00:00	not_started	t_2DcXQn	t_4NZcri	Málaga	Real Madrid	Málaga	Real Madrid				2026-10-02T15:53:48.654224+00:00	2	laliga			
m_1LJi0E	l_0ErfuF	2026/2027	2027-01-17	2027-01-17T14:00:00+00:00	not_started	t_3kAVv6	t_0HBI4G	Racing Santander	Osasuna	Racing Santander	Osasuna				2026-10-02T15:53:48.654224+00:00	2	laliga			
m_2CBrQJ	l_0ErfuF	2026/2027	2027-01-17	2027-01-17T14:00:00+00:00	not_started	t_4aQcO7	t_3TftmE	Celta Vigo	Valencia	Celta Vigo	Valencia				2026-10-02T15:53:48.654224+00:00	2	laliga			
m_2Nq90L	l_0ErfuF	2026/2027	2027-01-17	2027-01-17T14:00:00+00:00	not_started	t_32jSEF	t_2PLTQW	Barcelona	Elche	Barcelona	Elche				2026-10-02T15:53:48.654224+00:00	2	laliga			
m_3AG1AD	l_0ErfuF	2026/2027	2027-01-17	2027-01-17T14:00:00+00:00	not_started	t_3NIiXl	t_1hKtUw	Atlético Madrid	Real Sociedad	Atlético Madrid	Real Sociedad				2026-10-02T15:53:48.654224+00:00	2	laliga			
m_3wmhQZ	l_0ErfuF	2026/2027	2027-01-17	2027-01-17T14:00:00+00:00	not_started	t_0HSzvM	t_2xafLl	Real Betis	Deportivo A Coruña	Real Betis	Deportivo A Coruña				2026-10-02T15:53:48.654224+00:00	2	laliga			
m_44PAGh	l_0ErfuF	2026/2027	2027-01-17	2027-01-17T14:00:00+00:00	not_started	t_0NnBSa	t_3WlXqr	Levante	Espanyol	Levante	Espanyol				2026-10-02T15:53:48.654224+00:00	2	laliga			
m_45kc7T	l_0ErfuF	2026/2027	2027-01-17	2027-01-17T14:00:00+00:00	not_started	t_17aOG3	t_4XayA9	Rayo Vallecano	Sevilla	Rayo Vallecano	Sevilla				2026-10-02T15:53:48.654224+00:00	2	laliga			
m_4fqXU4	l_0ErfuF	2026/2027	2027-01-17	2027-01-17T14:00:00+00:00	not_started	t_4SV4jg	t_1cpTpB	Villarreal	Deportivo Alavés	Villarreal	Deportivo Alavés				2026-10-02T15:53:48.654224+00:00	2	laliga			
m_0XYp77	l_0ErfuF	2026/2027	2027-01-24	2027-01-24T14:00:00+00:00	not_started	t_3i7zAH	t_0HBI4G	Getafe	Osasuna	Getafe	Osasuna				2026-10-02T15:53:48.654224+00:00	2	laliga			
m_1KOJHo	l_0ErfuF	2026/2027	2027-01-24	2027-01-24T14:00:00+00:00	not_started	t_4NZcri	t_0HSzvM	Real Madrid	Real Betis	Real Madrid	Real Betis				2026-10-02T15:53:48.654224+00:00	2	laliga			
m_1Mt7Dg	l_0ErfuF	2026/2027	2027-01-24	2027-01-24T14:00:00+00:00	not_started	t_1hKtUw	t_2DcXQn	Real Sociedad	Málaga	Real Sociedad	Málaga				2026-10-02T15:53:48.654224+00:00	2	laliga			
m_1V0ha4	l_0ErfuF	2026/2027	2027-01-24	2027-01-24T14:00:00+00:00	not_started	t_3TftmE	t_4XayA9	Valencia	Sevilla	Valencia	Sevilla				2026-10-02T15:53:48.654224+00:00	2	laliga			
m_1pLZQh	l_0ErfuF	2026/2027	2027-01-24	2027-01-24T14:00:00+00:00	not_started	t_1cpTpB	t_32jSEF	Deportivo Alavés	Barcelona	Deportivo Alavés	Barcelona				2026-10-02T15:53:48.654224+00:00	2	laliga			
m_39uVx7	l_0ErfuF	2026/2027	2027-01-24	2027-01-24T14:00:00+00:00	not_started	t_3kZPrE	t_0NnBSa	Athletic Club	Levante	Athletic Club	Levante				2026-10-02T15:53:48.654224+00:00	2	laliga			
m_3C6SCr	l_0ErfuF	2026/2027	2027-01-24	2027-01-24T14:00:00+00:00	not_started	t_3kAVv6	t_4aQcO7	Racing Santander	Celta Vigo	Racing Santander	Celta Vigo				2026-10-02T15:53:48.654224+00:00	2	laliga			
m_3LNjAt	l_0ErfuF	2026/2027	2027-01-24	2027-01-24T14:00:00+00:00	not_started	t_3WlXqr	t_4SV4jg	Espanyol	Villarreal	Espanyol	Villarreal				2026-10-02T15:53:48.654224+00:00	2	laliga			
m_3aM4CL	l_0ErfuF	2026/2027	2027-01-24	2027-01-24T14:00:00+00:00	not_started	t_2PLTQW	t_17aOG3	Elche	Rayo Vallecano	Elche	Rayo Vallecano				2026-10-02T15:53:48.654224+00:00	2	laliga			
m_3u2krV	l_0ErfuF	2026/2027	2027-01-24	2027-01-24T14:00:00+00:00	not_started	t_2xafLl	t_3NIiXl	Deportivo A Coruña	Atlético Madrid	Deportivo A Coruña	Atlético Madrid				2026-10-02T15:53:48.654224+00:00	2	laliga			
m_030r9k	l_0ErfuF	2026/2027	2027-01-31	2027-01-31T14:00:00+00:00	not_started	t_32jSEF	t_3TftmE	Barcelona	Valencia	Barcelona	Valencia				2026-10-02T15:53:48.654224+00:00	2	laliga			
m_1AUVYr	l_0ErfuF	2026/2027	2027-01-31	2027-01-31T14:00:00+00:00	not_started	t_2DcXQn	t_1cpTpB	Málaga	Deportivo Alavés	Málaga	Deportivo Alavés				2026-10-02T15:53:48.654224+00:00	2	laliga			
m_1laPAl	l_0ErfuF	2026/2027	2027-01-31	2027-01-31T14:00:00+00:00	not_started	t_0HBI4G	t_2xafLl	Osasuna	Deportivo A Coruña	Osasuna	Deportivo A Coruña				2026-10-02T15:53:48.654224+00:00	2	laliga			
m_27Zraw	l_0ErfuF	2026/2027	2027-01-31	2027-01-31T14:00:00+00:00	not_started	t_0HSzvM	t_2PLTQW	Real Betis	Elche	Real Betis	Elche				2026-10-02T15:53:48.654224+00:00	2	laliga			
m_2Ge4S8	l_0ErfuF	2026/2027	2027-01-31	2027-01-31T14:00:00+00:00	not_started	t_4aQcO7	t_3i7zAH	Celta Vigo	Getafe	Celta Vigo	Getafe				2026-10-02T15:53:48.654224+00:00	2	laliga			
m_2LhPga	l_0ErfuF	2026/2027	2027-01-31	2027-01-31T14:00:00+00:00	not_started	t_17aOG3	t_4NZcri	Rayo Vallecano	Real Madrid	Rayo Vallecano	Real Madrid				2026-10-02T15:53:48.654224+00:00	2	laliga			
m_2pexBs	l_0ErfuF	2026/2027	2027-01-31	2027-01-31T14:00:00+00:00	not_started	t_0NnBSa	t_1hKtUw	Levante	Real Sociedad	Levante	Real Sociedad				2026-10-02T15:53:48.654224+00:00	2	laliga			
m_2rk6pO	l_0ErfuF	2026/2027	2027-01-31	2027-01-31T14:00:00+00:00	not_started	t_3NIiXl	t_3WlXqr	Atlético Madrid	Espanyol	Atlético Madrid	Espanyol				2026-10-02T15:53:48.654224+00:00	2	laliga			
m_2z1Nc0	l_0ErfuF	2026/2027	2027-01-31	2027-01-31T14:00:00+00:00	not_started	t_4XayA9	t_3kZPrE	Sevilla	Athletic Club	Sevilla	Athletic Club				2026-10-02T15:53:48.654224+00:00	2	laliga			
m_4VnRtK	l_0ErfuF	2026/2027	2027-01-31	2027-01-31T14:00:00+00:00	not_started	t_4SV4jg	t_3kAVv6	Villarreal	Racing Santander	Villarreal	Racing Santander				2026-10-02T15:53:48.654224+00:00	2	laliga			
m_0AFlv0	l_0ErfuF	2026/2027	2027-02-07	2027-02-07T14:00:00+00:00	not_started	t_2xafLl	t_2DcXQn	Deportivo A Coruña	Málaga	Deportivo A Coruña	Málaga				2026-10-02T15:53:48.654224+00:00	2	laliga			
m_0KirnC	l_0ErfuF	2026/2027	2027-02-07	2027-02-07T14:00:00+00:00	not_started	t_3TftmE	t_3kAVv6	Valencia	Racing Santander	Valencia	Racing Santander				2026-10-02T15:53:48.654224+00:00	2	laliga			
m_0fuQ35	l_0ErfuF	2026/2027	2027-02-07	2027-02-07T14:00:00+00:00	not_started	t_32jSEF	t_3NIiXl	Barcelona	Atlético Madrid	Barcelona	Atlético Madrid				2026-10-02T15:53:48.654224+00:00	2	laliga			
m_1MhKxr	l_0ErfuF	2026/2027	2027-02-07	2027-02-07T14:00:00+00:00	not_started	t_1cpTpB	t_4aQcO7	Deportivo Alavés	Celta Vigo	Deportivo Alavés	Celta Vigo				2026-10-02T15:53:48.654224+00:00	2	laliga			
m_1MtzC7	l_0ErfuF	2026/2027	2027-02-07	2027-02-07T14:00:00+00:00	not_started	t_3WlXqr	t_17aOG3	Espanyol	Rayo Vallecano	Espanyol	Rayo Vallecano				2026-10-02T15:53:48.654224+00:00	2	laliga			
m_2BLMnZ	l_0ErfuF	2026/2027	2027-02-07	2027-02-07T14:00:00+00:00	not_started	t_3kZPrE	t_0HBI4G	Athletic Club	Osasuna	Athletic Club	Osasuna				2026-10-02T15:53:48.654224+00:00	2	laliga			
m_2PATq8	l_0ErfuF	2026/2027	2027-02-07	2027-02-07T14:00:00+00:00	not_started	t_2PLTQW	t_0NnBSa	Elche	Levante	Elche	Levante				2026-10-02T15:53:48.654224+00:00	2	laliga			
m_44JFxH	l_0ErfuF	2026/2027	2027-02-07	2027-02-07T14:00:00+00:00	not_started	t_1hKtUw	t_4NZcri	Real Sociedad	Real Madrid	Real Sociedad	Real Madrid				2026-10-02T15:53:48.654224+00:00	2	laliga			
m_44UXjF	l_0ErfuF	2026/2027	2027-02-07	2027-02-07T14:00:00+00:00	not_started	t_3i7zAH	t_4SV4jg	Getafe	Villarreal	Getafe	Villarreal				2026-10-02T15:53:48.654224+00:00	2	laliga			
m_4S82we	l_0ErfuF	2026/2027	2027-02-07	2027-02-07T14:00:00+00:00	not_started	t_0HSzvM	t_4XayA9	Real Betis	Sevilla	Real Betis	Sevilla				2026-10-02T15:53:48.654224+00:00	2	laliga			
m_0S0UwH	l_0ErfuF	2026/2027	2027-02-14	2027-02-14T14:00:00+00:00	not_started	t_4NZcri	t_3kZPrE	Real Madrid	Athletic Club	Real Madrid	Athletic Club				2026-10-02T15:53:48.654224+00:00	2	laliga			
m_0cYpdG	l_0ErfuF	2026/2027	2027-02-14	2027-02-14T14:00:00+00:00	not_started	t_4XayA9	t_3WlXqr	Sevilla	Espanyol	Sevilla	Espanyol				2026-10-02T15:53:48.654224+00:00	2	laliga			
m_1LD2pZ	l_0ErfuF	2026/2027	2027-02-14	2027-02-14T14:00:00+00:00	not_started	t_4aQcO7	t_17aOG3	Celta Vigo	Rayo Vallecano	Celta Vigo	Rayo Vallecano				2026-10-02T15:53:48.654224+00:00	2	laliga			
m_1VQvac	l_0ErfuF	2026/2027	2027-02-14	2027-02-14T14:00:00+00:00	not_started	t_4SV4jg	t_32jSEF	Villarreal	Barcelona	Villarreal	Barcelona				2026-10-02T15:53:48.654224+00:00	2	laliga			
m_23TpFa	l_0ErfuF	2026/2027	2027-02-14	2027-02-14T14:00:00+00:00	not_started	t_0HBI4G	t_3NIiXl	Osasuna	Atlético Madrid	Osasuna	Atlético Madrid				2026-10-02T15:53:48.654224+00:00	2	laliga			
m_2Awhko	l_0ErfuF	2026/2027	2027-02-14	2027-02-14T14:00:00+00:00	not_started	t_3TftmE	t_1cpTpB	Valencia	Deportivo Alavés	Valencia	Deportivo Alavés				2026-10-02T15:53:48.654224+00:00	2	laliga			
m_2lApLH	l_0ErfuF	2026/2027	2027-02-14	2027-02-14T14:00:00+00:00	not_started	t_1hKtUw	t_0HSzvM	Real Sociedad	Real Betis	Real Sociedad	Real Betis				2026-10-02T15:53:48.654224+00:00	2	laliga			
m_3F60Uc	l_0ErfuF	2026/2027	2027-02-14	2027-02-14T14:00:00+00:00	not_started	t_2PLTQW	t_2xafLl	Elche	Deportivo A Coruña	Elche	Deportivo A Coruña				2026-10-02T15:53:48.654224+00:00	2	laliga			
m_3Noe3a	l_0ErfuF	2026/2027	2027-02-14	2027-02-14T14:00:00+00:00	not_started	t_0NnBSa	t_2DcXQn	Levante	Málaga	Levante	Málaga				2026-10-02T15:53:48.654224+00:00	2	laliga			
m_4Ng4Sm	l_0ErfuF	2026/2027	2027-02-14	2027-02-14T14:00:00+00:00	not_started	t_3kAVv6	t_3i7zAH	Racing Santander	Getafe	Racing Santander	Getafe				2026-10-02T15:53:48.654224+00:00	2	laliga			
m_12cuu1	l_0ErfuF	2026/2027	2027-02-21	2027-02-21T14:00:00+00:00	not_started	t_2DcXQn	t_0HSzvM	Málaga	Real Betis	Málaga	Real Betis				2026-10-02T15:53:48.654224+00:00	2	laliga			
m_14QmCT	l_0ErfuF	2026/2027	2027-02-21	2027-02-21T14:00:00+00:00	not_started	t_4SV4jg	t_3TftmE	Villarreal	Valencia	Villarreal	Valencia				2026-10-02T15:53:48.654224+00:00	2	laliga			
m_1NLXmC	l_0ErfuF	2026/2027	2027-02-21	2027-02-21T14:00:00+00:00	not_started	t_2xafLl	t_1hKtUw	Deportivo A Coruña	Real Sociedad	Deportivo A Coruña	Real Sociedad				2026-10-02T15:53:48.654224+00:00	2	laliga			
m_2DitIj	l_0ErfuF	2026/2027	2027-02-21	2027-02-21T14:00:00+00:00	not_started	t_17aOG3	t_3i7zAH	Rayo Vallecano	Getafe	Rayo Vallecano	Getafe				2026-10-02T15:53:48.654224+00:00	2	laliga			
m_2EMEhH	l_0ErfuF	2026/2027	2027-02-21	2027-02-21T14:00:00+00:00	not_started	t_3WlXqr	t_0HBI4G	Espanyol	Osasuna	Espanyol	Osasuna				2026-10-02T15:53:48.654224+00:00	2	laliga			
m_2vxbYN	l_0ErfuF	2026/2027	2027-02-21	2027-02-21T14:00:00+00:00	not_started	t_3NIiXl	t_2PLTQW	Atlético Madrid	Elche	Atlético Madrid	Elche				2026-10-02T15:53:48.654224+00:00	2	laliga			
m_3P0PFm	l_0ErfuF	2026/2027	2027-02-21	2027-02-21T14:00:00+00:00	not_started	t_4XayA9	t_4NZcri	Sevilla	Real Madrid	Sevilla	Real Madrid				2026-10-02T15:53:48.654224+00:00	2	laliga			
m_40fnGt	l_0ErfuF	2026/2027	2027-02-21	2027-02-21T14:00:00+00:00	not_started	t_3kZPrE	t_4aQcO7	Athletic Club	Celta Vigo	Athletic Club	Celta Vigo				2026-10-02T15:53:48.654224+00:00	2	laliga			
m_43Q0El	l_0ErfuF	2026/2027	2027-02-21	2027-02-21T14:00:00+00:00	not_started	t_1cpTpB	t_3kAVv6	Deportivo Alavés	Racing Santander	Deportivo Alavés	Racing Santander				2026-10-02T15:53:48.654224+00:00	2	laliga			
m_4KtzT1	l_0ErfuF	2026/2027	2027-02-21	2027-02-21T14:00:00+00:00	not_started	t_32jSEF	t_0NnBSa	Barcelona	Levante	Barcelona	Levante				2026-10-02T15:53:48.654224+00:00	2	laliga			
m_024xEu	l_0ErfuF	2026/2027	2027-02-28	2027-02-28T14:00:00+00:00	not_started	t_2DcXQn	t_3NIiXl	Málaga	Atlético Madrid	Málaga	Atlético Madrid				2026-10-02T15:53:48.654224+00:00	2	laliga			
m_0M39r7	l_0ErfuF	2026/2027	2027-02-28	2027-02-28T14:00:00+00:00	not_started	t_0NnBSa	t_2xafLl	Levante	Deportivo A Coruña	Levante	Deportivo A Coruña				2026-10-02T15:53:48.654224+00:00	2	laliga			
m_0O8Wlk	l_0ErfuF	2026/2027	2027-02-28	2027-02-28T14:00:00+00:00	not_started	t_3kZPrE	t_32jSEF	Athletic Club	Barcelona	Athletic Club	Barcelona				2026-10-02T15:53:48.654224+00:00	2	laliga			
m_0utLWr	l_0ErfuF	2026/2027	2027-02-28	2027-02-28T14:00:00+00:00	not_started	t_4aQcO7	t_3WlXqr	Celta Vigo	Espanyol	Celta Vigo	Espanyol				2026-10-02T15:53:48.654224+00:00	2	laliga			
m_1xI3xF	l_0ErfuF	2026/2027	2027-02-28	2027-02-28T14:00:00+00:00	not_started	t_4NZcri	t_3TftmE	Real Madrid	Valencia	Real Madrid	Valencia				2026-10-02T15:53:48.654224+00:00	2	laliga			
m_28rQjY	l_0ErfuF	2026/2027	2027-02-28	2027-02-28T14:00:00+00:00	not_started	t_0HBI4G	t_4XayA9	Osasuna	Sevilla	Osasuna	Sevilla				2026-10-02T15:53:48.654224+00:00	2	laliga			
m_2idKUr	l_0ErfuF	2026/2027	2027-02-28	2027-02-28T14:00:00+00:00	not_started	t_3kAVv6	t_17aOG3	Racing Santander	Rayo Vallecano	Racing Santander	Rayo Vallecano				2026-10-02T15:53:48.654224+00:00	2	laliga			
m_3m0ufe	l_0ErfuF	2026/2027	2027-02-28	2027-02-28T14:00:00+00:00	not_started	t_3i7zAH	t_1cpTpB	Getafe	Deportivo Alavés	Getafe	Deportivo Alavés				2026-10-02T15:53:48.654224+00:00	2	laliga			
m_40WgKo	l_0ErfuF	2026/2027	2027-02-28	2027-02-28T14:00:00+00:00	not_started	t_1hKtUw	t_2PLTQW	Real Sociedad	Elche	Real Sociedad	Elche				2026-10-02T15:53:48.654224+00:00	2	laliga			
m_46nlKH	l_0ErfuF	2026/2027	2027-02-28	2027-02-28T14:00:00+00:00	not_started	t_0HSzvM	t_4SV4jg	Real Betis	Villarreal	Real Betis	Villarreal				2026-10-02T15:53:48.654224+00:00	2	laliga			
m_05qH8R	l_0ErfuF	2026/2027	2027-03-07	2027-03-07T14:00:00+00:00	not_started	t_4XayA9	t_1hKtUw	Sevilla	Real Sociedad	Sevilla	Real Sociedad				2026-10-02T15:53:48.654224+00:00	2	laliga			
m_0pf3Dh	l_0ErfuF	2026/2027	2027-03-07	2027-03-07T14:00:00+00:00	not_started	t_32jSEF	t_0HSzvM	Barcelona	Real Betis	Barcelona	Real Betis				2026-10-02T15:53:48.654224+00:00	2	laliga			
m_0tjp1k	l_0ErfuF	2026/2027	2027-03-07	2027-03-07T14:00:00+00:00	not_started	t_2PLTQW	t_2DcXQn	Elche	Málaga	Elche	Málaga				2026-10-02T15:53:48.654224+00:00	2	laliga			
m_14JX47	l_0ErfuF	2026/2027	2027-03-07	2027-03-07T14:00:00+00:00	not_started	t_17aOG3	t_0HBI4G	Rayo Vallecano	Osasuna	Rayo Vallecano	Osasuna				2026-10-02T15:53:48.654224+00:00	2	laliga			
m_1L5K2U	l_0ErfuF	2026/2027	2027-03-07	2027-03-07T14:00:00+00:00	not_started	t_3NIiXl	t_4aQcO7	Atlético Madrid	Celta Vigo	Atlético Madrid	Celta Vigo				2026-10-02T15:53:48.654224+00:00	2	laliga			
m_1Npcfz	l_0ErfuF	2026/2027	2027-03-07	2027-03-07T14:00:00+00:00	not_started	t_1cpTpB	t_3kZPrE	Deportivo Alavés	Athletic Club	Deportivo Alavés	Athletic Club				2026-10-02T15:53:48.654224+00:00	2	laliga			
m_2jx9IF	l_0ErfuF	2026/2027	2027-03-07	2027-03-07T14:00:00+00:00	not_started	t_4SV4jg	t_4NZcri	Villarreal	Real Madrid	Villarreal	Real Madrid				2026-10-02T15:53:48.654224+00:00	2	laliga			
m_2wYkM5	l_0ErfuF	2026/2027	2027-03-07	2027-03-07T14:00:00+00:00	not_started	t_3WlXqr	t_3kAVv6	Espanyol	Racing Santander	Espanyol	Racing Santander				2026-10-02T15:53:48.654224+00:00	2	laliga			
m_3daHnW	l_0ErfuF	2026/2027	2027-03-07	2027-03-07T14:00:00+00:00	not_started	t_3TftmE	t_0NnBSa	Valencia	Levante	Valencia	Levante				2026-10-02T15:53:48.654224+00:00	2	laliga			
m_4DvVDq	l_0ErfuF	2026/2027	2027-03-07	2027-03-07T14:00:00+00:00	not_started	t_2xafLl	t_3i7zAH	Deportivo A Coruña	Getafe	Deportivo A Coruña	Getafe				2026-10-02T15:53:48.654224+00:00	2	laliga			
m_0Dl9Va	l_0ErfuF	2026/2027	2027-03-14	2027-03-14T14:00:00+00:00	not_started	t_4NZcri	t_3WlXqr	Real Madrid	Espanyol	Real Madrid	Espanyol				2026-10-02T15:53:48.654224+00:00	2	laliga			
m_0QrXfi	l_0ErfuF	2026/2027	2027-03-14	2027-03-14T14:00:00+00:00	not_started	t_1cpTpB	t_4XayA9	Deportivo Alavés	Sevilla	Deportivo Alavés	Sevilla				2026-10-02T15:53:48.654224+00:00	2	laliga			
m_1iYVRV	l_0ErfuF	2026/2027	2027-03-14	2027-03-14T14:00:00+00:00	not_started	t_3kZPrE	t_3TftmE	Athletic Club	Valencia	Athletic Club	Valencia				2026-10-02T15:53:48.654224+00:00	2	laliga			
m_31GFpS	l_0ErfuF	2026/2027	2027-03-14	2027-03-14T14:00:00+00:00	not_started	t_32jSEF	t_2xafLl	Barcelona	Deportivo A Coruña	Barcelona	Deportivo A Coruña				2026-10-02T15:53:48.654224+00:00	2	laliga			
m_4GEz3P	l_0ErfuF	2026/2027	2027-03-14	2027-03-14T14:00:00+00:00	not_started	t_2PLTQW	t_4SV4jg	Elche	Villarreal	Elche	Villarreal				2026-10-02T15:53:48.654224+00:00	2	laliga			
m_4GHDiN	l_0ErfuF	2026/2027	2027-03-14	2027-03-14T14:00:00+00:00	not_started	t_0HBI4G	t_4aQcO7	Osasuna	Celta Vigo	Osasuna	Celta Vigo				2026-10-02T15:53:48.654224+00:00	2	laliga			
m_4HWip9	l_0ErfuF	2026/2027	2027-03-14	2027-03-14T14:00:00+00:00	not_started	t_3kAVv6	t_3NIiXl	Racing Santander	Atlético Madrid	Racing Santander	Atlético Madrid				2026-10-02T15:53:48.654224+00:00	2	laliga			
m_4LCg7z	l_0ErfuF	2026/2027	2027-03-14	2027-03-14T14:00:00+00:00	not_started	t_2DcXQn	t_17aOG3	Málaga	Rayo Vallecano	Málaga	Rayo Vallecano				2026-10-02T15:53:48.654224+00:00	2	laliga			
m_4Mobaq	l_0ErfuF	2026/2027	2027-03-14	2027-03-14T14:00:00+00:00	not_started	t_0HSzvM	t_0NnBSa	Real Betis	Levante	Real Betis	Levante				2026-10-02T15:53:48.654224+00:00	2	laliga			
m_4O3a26	l_0ErfuF	2026/2027	2027-03-14	2027-03-14T14:00:00+00:00	not_started	t_3i7zAH	t_1hKtUw	Getafe	Real Sociedad	Getafe	Real Sociedad				2026-10-02T15:53:48.654224+00:00	2	laliga			
m_0Nu6UP	l_0ErfuF	2026/2027	2027-03-21	2027-03-21T14:00:00+00:00	not_started	t_3kAVv6	t_0HSzvM	Racing Santander	Real Betis	Racing Santander	Real Betis				2026-10-02T15:53:48.654224+00:00	2	laliga			
m_0oLyov	l_0ErfuF	2026/2027	2027-03-21	2027-03-21T14:00:00+00:00	not_started	t_1hKtUw	t_1cpTpB	Real Sociedad	Deportivo Alavés	Real Sociedad	Deportivo Alavés				2026-10-02T15:53:48.654224+00:00	2	laliga			
m_22imyr	l_0ErfuF	2026/2027	2027-03-21	2027-03-21T14:00:00+00:00	not_started	t_3NIiXl	t_3i7zAH	Atlético Madrid	Getafe	Atlético Madrid	Getafe				2026-10-02T15:53:48.654224+00:00	2	laliga			
m_2BYIte	l_0ErfuF	2026/2027	2027-03-21	2027-03-21T14:00:00+00:00	not_started	t_4aQcO7	t_4NZcri	Celta Vigo	Real Madrid	Celta Vigo	Real Madrid				2026-10-02T15:53:48.654224+00:00	2	laliga			
m_2LJKUh	l_0ErfuF	2026/2027	2027-03-21	2027-03-21T14:00:00+00:00	not_started	t_0NnBSa	t_0HBI4G	Levante	Osasuna	Levante	Osasuna				2026-10-02T15:53:48.654224+00:00	2	laliga			
m_3CgbrN	l_0ErfuF	2026/2027	2027-03-21	2027-03-21T14:00:00+00:00	not_started	t_4SV4jg	t_2DcXQn	Villarreal	Málaga	Villarreal	Málaga				2026-10-02T15:53:48.654224+00:00	2	laliga			
m_3HJvPl	l_0ErfuF	2026/2027	2027-03-21	2027-03-21T14:00:00+00:00	not_started	t_3TftmE	t_2xafLl	Valencia	Deportivo A Coruña	Valencia	Deportivo A Coruña				2026-10-02T15:53:48.654224+00:00	2	laliga			
m_3o4kS6	l_0ErfuF	2026/2027	2027-03-21	2027-03-21T14:00:00+00:00	not_started	t_4XayA9	t_2PLTQW	Sevilla	Elche	Sevilla	Elche				2026-10-02T15:53:48.654224+00:00	2	laliga			
m_4EmHeO	l_0ErfuF	2026/2027	2027-03-21	2027-03-21T14:00:00+00:00	not_started	t_3WlXqr	t_3kZPrE	Espanyol	Athletic Club	Espanyol	Athletic Club				2026-10-02T15:53:48.654224+00:00	2	laliga			
m_4Yqsy9	l_0ErfuF	2026/2027	2027-03-21	2027-03-21T14:00:00+00:00	not_started	t_17aOG3	t_32jSEF	Rayo Vallecano	Barcelona	Rayo Vallecano	Barcelona				2026-10-02T15:53:48.654224+00:00	2	laliga			
m_0EexiD	l_0ErfuF	2026/2027	2027-04-04	2027-04-04T13:00:00+00:00	not_started	t_0NnBSa	t_17aOG3	Levante	Rayo Vallecano	Levante	Rayo Vallecano				2026-10-02T15:53:48.654224+00:00	2	laliga			
m_0IJM23	l_0ErfuF	2026/2027	2027-04-04	2027-04-04T13:00:00+00:00	not_started	t_2xafLl	t_4SV4jg	Deportivo A Coruña	Villarreal	Deportivo A Coruña	Villarreal				2026-10-02T15:53:48.654224+00:00	2	laliga			
m_0XGutb	l_0ErfuF	2026/2027	2027-04-04	2027-04-04T13:00:00+00:00	not_started	t_32jSEF	t_4XayA9	Barcelona	Sevilla	Barcelona	Sevilla				2026-10-02T15:53:48.654224+00:00	2	laliga			
m_0x52q0	l_0ErfuF	2026/2027	2027-04-04	2027-04-04T13:00:00+00:00	not_started	t_2PLTQW	t_1cpTpB	Elche	Deportivo Alavés	Elche	Deportivo Alavés				2026-10-02T15:53:48.654224+00:00	2	laliga			
m_1WrEsB	l_0ErfuF	2026/2027	2027-04-04	2027-04-04T13:00:00+00:00	not_started	t_4NZcri	t_3NIiXl	Real Madrid	Atlético Madrid	Real Madrid	Atlético Madrid				2026-10-02T15:53:48.654224+00:00	2	laliga			
m_1wVNhV	l_0ErfuF	2026/2027	2027-04-04	2027-04-04T13:00:00+00:00	not_started	t_3i7zAH	t_3WlXqr	Getafe	Espanyol	Getafe	Espanyol				2026-10-02T15:53:48.654224+00:00	2	laliga			
m_2IYZZN	l_0ErfuF	2026/2027	2027-04-04	2027-04-04T13:00:00+00:00	not_started	t_0HSzvM	t_4aQcO7	Real Betis	Celta Vigo	Real Betis	Celta Vigo				2026-10-02T15:53:48.654224+00:00	2	laliga			
m_2nMUUL	l_0ErfuF	2026/2027	2027-04-04	2027-04-04T13:00:00+00:00	not_started	t_2DcXQn	t_0HBI4G	Málaga	Osasuna	Málaga	Osasuna				2026-10-02T15:53:48.654224+00:00	2	laliga			
m_3TZamS	l_0ErfuF	2026/2027	2027-04-04	2027-04-04T13:00:00+00:00	not_started	t_3kZPrE	t_3kAVv6	Athletic Club	Racing Santander	Athletic Club	Racing Santander				2026-10-02T15:53:48.654224+00:00	2	laliga			
m_4WHa9s	l_0ErfuF	2026/2027	2027-04-04	2027-04-04T13:00:00+00:00	not_started	t_1hKtUw	t_3TftmE	Real Sociedad	Valencia	Real Sociedad	Valencia				2026-10-02T15:53:48.654224+00:00	2	laliga			
m_0190dS	l_0ErfuF	2026/2027	2027-04-11	2027-04-11T13:00:00+00:00	not_started	t_17aOG3	t_1hKtUw	Rayo Vallecano	Real Sociedad	Rayo Vallecano	Real Sociedad				2026-10-02T15:53:48.654224+00:00	2	laliga			
m_10sszB	l_0ErfuF	2026/2027	2027-04-11	2027-04-11T13:00:00+00:00	not_started	t_3NIiXl	t_0NnBSa	Atlético Madrid	Levante	Atlético Madrid	Levante				2026-10-02T15:53:48.654224+00:00	2	laliga			
m_1AaHwR	l_0ErfuF	2026/2027	2027-04-11	2027-04-11T13:00:00+00:00	not_started	t_3WlXqr	t_2DcXQn	Espanyol	Málaga	Espanyol	Málaga				2026-10-02T15:53:48.654224+00:00	2	laliga			
m_1bM5iq	l_0ErfuF	2026/2027	2027-04-11	2027-04-11T13:00:00+00:00	not_started	t_4aQcO7	t_2PLTQW	Celta Vigo	Elche	Celta Vigo	Elche				2026-10-02T15:53:48.654224+00:00	2	laliga			
m_2SXZRF	l_0ErfuF	2026/2027	2027-04-11	2027-04-11T13:00:00+00:00	not_started	t_1cpTpB	t_0HSzvM	Deportivo Alavés	Real Betis	Deportivo Alavés	Real Betis				2026-10-02T15:53:48.654224+00:00	2	laliga			
m_2X4SIo	l_0ErfuF	2026/2027	2027-04-11	2027-04-11T13:00:00+00:00	not_started	t_3kAVv6	t_32jSEF	Racing Santander	Barcelona	Racing Santander	Barcelona				2026-10-02T15:53:48.654224+00:00	2	laliga			
m_3ZpWJZ	l_0ErfuF	2026/2027	2027-04-11	2027-04-11T13:00:00+00:00	not_started	t_3TftmE	t_3i7zAH	Valencia	Getafe	Valencia	Getafe				2026-10-02T15:53:48.654224+00:00	2	laliga			
m_49PRZY	l_0ErfuF	2026/2027	2027-04-11	2027-04-11T13:00:00+00:00	not_started	t_0HBI4G	t_4NZcri	Osasuna	Real Madrid	Osasuna	Real Madrid				2026-10-02T15:53:48.654224+00:00	2	laliga			
m_4SSRdc	l_0ErfuF	2026/2027	2027-04-11	2027-04-11T13:00:00+00:00	not_started	t_4XayA9	t_2xafLl	Sevilla	Deportivo A Coruña	Sevilla	Deportivo A Coruña				2026-10-02T15:53:48.654224+00:00	2	laliga			
m_4SVZPt	l_0ErfuF	2026/2027	2027-04-11	2027-04-11T13:00:00+00:00	not_started	t_4SV4jg	t_3kZPrE	Villarreal	Athletic Club	Villarreal	Athletic Club				2026-10-02T15:53:48.654224+00:00	2	laliga			
m_18aM8C	l_0ErfuF	2026/2027	2027-04-18	2027-04-18T13:00:00+00:00	not_started	t_2PLTQW	t_0HBI4G	Elche	Osasuna	Elche	Osasuna				2026-10-02T15:53:48.654224+00:00	2	laliga			
m_1jP2FN	l_0ErfuF	2026/2027	2027-04-18	2027-04-18T13:00:00+00:00	not_started	t_3NIiXl	t_4XayA9	Atlético Madrid	Sevilla	Atlético Madrid	Sevilla				2026-10-02T15:53:48.654224+00:00	2	laliga			
m_1qWKzi	l_0ErfuF	2026/2027	2027-04-18	2027-04-18T13:00:00+00:00	not_started	t_2DcXQn	t_3TftmE	Málaga	Valencia	Málaga	Valencia				2026-10-02T15:53:48.654224+00:00	2	laliga			
m_2D3spG	l_0ErfuF	2026/2027	2027-04-18	2027-04-18T13:00:00+00:00	not_started	t_3i7zAH	t_4NZcri	Getafe	Real Madrid	Getafe	Real Madrid				2026-10-02T15:53:48.654224+00:00	2	laliga			
m_2azkal	l_0ErfuF	2026/2027	2027-04-18	2027-04-18T13:00:00+00:00	not_started	t_2xafLl	t_4aQcO7	Deportivo A Coruña	Celta Vigo	Deportivo A Coruña	Celta Vigo				2026-10-02T15:53:48.654224+00:00	2	laliga			
m_2d2FBY	l_0ErfuF	2026/2027	2027-04-18	2027-04-18T13:00:00+00:00	not_started	t_1cpTpB	t_17aOG3	Deportivo Alavés	Rayo Vallecano	Deportivo Alavés	Rayo Vallecano				2026-10-02T15:53:48.654224+00:00	2	laliga			
m_2uKuGR	l_0ErfuF	2026/2027	2027-04-18	2027-04-18T13:00:00+00:00	not_started	t_0NnBSa	t_4SV4jg	Levante	Villarreal	Levante	Villarreal				2026-10-02T15:53:48.654224+00:00	2	laliga			
m_2xazvo	l_0ErfuF	2026/2027	2027-04-18	2027-04-18T13:00:00+00:00	not_started	t_32jSEF	t_3WlXqr	Barcelona	Espanyol	Barcelona	Espanyol				2026-10-02T15:53:48.654224+00:00	2	laliga			
m_3QgHRD	l_0ErfuF	2026/2027	2027-04-18	2027-04-18T13:00:00+00:00	not_started	t_0HSzvM	t_3kZPrE	Real Betis	Athletic Club	Real Betis	Athletic Club				2026-10-02T15:53:48.654224+00:00	2	laliga			
m_4W58Wd	l_0ErfuF	2026/2027	2027-04-18	2027-04-18T13:00:00+00:00	not_started	t_1hKtUw	t_3kAVv6	Real Sociedad	Racing Santander	Real Sociedad	Racing Santander				2026-10-02T15:53:48.654224+00:00	2	laliga			
m_0CRDuH	l_0ErfuF	2026/2027	2027-04-21	2027-04-21T13:00:00+00:00	not_started	t_4aQcO7	t_32jSEF	Celta Vigo	Barcelona	Celta Vigo	Barcelona				2026-10-02T15:53:48.654224+00:00	2	laliga			
m_0gANjt	l_0ErfuF	2026/2027	2027-04-21	2027-04-21T13:00:00+00:00	not_started	t_3kZPrE	t_2xafLl	Athletic Club	Deportivo A Coruña	Athletic Club	Deportivo A Coruña				2026-10-02T15:53:48.654224+00:00	2	laliga			
m_2527Do	l_0ErfuF	2026/2027	2027-04-21	2027-04-21T13:00:00+00:00	not_started	t_3i7zAH	t_0HSzvM	Getafe	Real Betis	Getafe	Real Betis				2026-10-02T15:53:48.654224+00:00	2	laliga			
m_2SDeGF	l_0ErfuF	2026/2027	2027-04-21	2027-04-21T13:00:00+00:00	not_started	t_3TftmE	t_17aOG3	Valencia	Rayo Vallecano	Valencia	Rayo Vallecano				2026-10-02T15:53:48.654224+00:00	2	laliga			
m_2iVIqd	l_0ErfuF	2026/2027	2027-04-21	2027-04-21T13:00:00+00:00	not_started	t_4XayA9	t_0NnBSa	Sevilla	Levante	Sevilla	Levante				2026-10-02T15:53:48.654224+00:00	2	laliga			
m_3Q40JD	l_0ErfuF	2026/2027	2027-04-21	2027-04-21T13:00:00+00:00	not_started	t_4NZcri	t_2PLTQW	Real Madrid	Elche	Real Madrid	Elche				2026-10-02T15:53:48.654224+00:00	2	laliga			
m_3qSzyi	l_0ErfuF	2026/2027	2027-04-21	2027-04-21T13:00:00+00:00	not_started	t_4SV4jg	t_3NIiXl	Villarreal	Atlético Madrid	Villarreal	Atlético Madrid				2026-10-02T15:53:48.654224+00:00	2	laliga			
m_3tOPdG	l_0ErfuF	2026/2027	2027-04-21	2027-04-21T13:00:00+00:00	not_started	t_3WlXqr	t_1hKtUw	Espanyol	Real Sociedad	Espanyol	Real Sociedad				2026-10-02T15:53:48.654224+00:00	2	laliga			
m_481Ohh	l_0ErfuF	2026/2027	2027-04-21	2027-04-21T13:00:00+00:00	not_started	t_3kAVv6	t_2DcXQn	Racing Santander	Málaga	Racing Santander	Málaga				2026-10-02T15:53:48.654224+00:00	2	laliga			
m_4ZxV6T	l_0ErfuF	2026/2027	2027-04-21	2027-04-21T13:00:00+00:00	not_started	t_0HBI4G	t_1cpTpB	Osasuna	Deportivo Alavés	Osasuna	Deportivo Alavés				2026-10-02T15:53:48.654224+00:00	2	laliga			
m_06z8A0	l_0ErfuF	2026/2027	2027-05-02	2027-05-02T13:00:00+00:00	not_started	t_0NnBSa	t_4NZcri	Levante	Real Madrid	Levante	Real Madrid				2026-10-02T15:53:48.654224+00:00	2	laliga			
m_2IFUXl	l_0ErfuF	2026/2027	2027-05-02	2027-05-02T13:00:00+00:00	not_started	t_4aQcO7	t_4XayA9	Celta Vigo	Sevilla	Celta Vigo	Sevilla				2026-10-02T15:53:48.654224+00:00	2	laliga			
m_2N8Arr	l_0ErfuF	2026/2027	2027-05-02	2027-05-02T13:00:00+00:00	not_started	t_2PLTQW	t_3WlXqr	Elche	Espanyol	Elche	Espanyol				2026-10-02T15:53:48.654224+00:00	2	laliga			
m_32TZdX	l_0ErfuF	2026/2027	2027-05-02	2027-05-02T13:00:00+00:00	not_started	t_2xafLl	t_3kAVv6	Deportivo A Coruña	Racing Santander	Deportivo A Coruña	Racing Santander				2026-10-02T15:53:48.654224+00:00	2	laliga			
m_39Fklp	l_0ErfuF	2026/2027	2027-05-02	2027-05-02T13:00:00+00:00	not_started	t_17aOG3	t_4SV4jg	Rayo Vallecano	Villarreal	Rayo Vallecano	Villarreal				2026-10-02T15:53:48.654224+00:00	2	laliga			
m_3fqyq8	l_0ErfuF	2026/2027	2027-05-02	2027-05-02T13:00:00+00:00	not_started	t_3NIiXl	t_1cpTpB	Atlético Madrid	Deportivo Alavés	Atlético Madrid	Deportivo Alavés				2026-10-02T15:53:48.654224+00:00	2	laliga			
m_3lKImQ	l_0ErfuF	2026/2027	2027-05-02	2027-05-02T13:00:00+00:00	not_started	t_1hKtUw	t_3kZPrE	Real Sociedad	Athletic Club	Real Sociedad	Athletic Club				2026-10-02T15:53:48.654224+00:00	2	laliga			
m_44ag0C	l_0ErfuF	2026/2027	2027-05-02	2027-05-02T13:00:00+00:00	not_started	t_32jSEF	t_0HBI4G	Barcelona	Osasuna	Barcelona	Osasuna				2026-10-02T15:53:48.654224+00:00	2	laliga			
m_4CQK8D	l_0ErfuF	2026/2027	2027-05-02	2027-05-02T13:00:00+00:00	not_started	t_0HSzvM	t_3TftmE	Real Betis	Valencia	Real Betis	Valencia				2026-10-02T15:53:48.654224+00:00	2	laliga			
m_4Oihav	l_0ErfuF	2026/2027	2027-05-02	2027-05-02T13:00:00+00:00	not_started	t_2DcXQn	t_3i7zAH	Málaga	Getafe	Málaga	Getafe				2026-10-02T15:53:48.654224+00:00	2	laliga			
m_0tJ2Iq	l_0ErfuF	2026/2027	2027-05-09	2027-05-09T13:00:00+00:00	not_started	t_0HBI4G	t_1hKtUw	Osasuna	Real Sociedad	Osasuna	Real Sociedad				2026-10-02T15:53:48.654224+00:00	2	laliga			
m_0xeBXQ	l_0ErfuF	2026/2027	2027-05-09	2027-05-09T13:00:00+00:00	not_started	t_4SV4jg	t_4aQcO7	Villarreal	Celta Vigo	Villarreal	Celta Vigo				2026-10-02T15:53:48.654224+00:00	2	laliga			
m_13vgOT	l_0ErfuF	2026/2027	2027-05-09	2027-05-09T13:00:00+00:00	not_started	t_0HSzvM	t_3WlXqr	Real Betis	Espanyol	Real Betis	Espanyol				2026-10-02T15:53:48.654224+00:00	2	laliga			
m_1W9RTF	l_0ErfuF	2026/2027	2027-05-09	2027-05-09T13:00:00+00:00	not_started	t_17aOG3	t_2xafLl	Rayo Vallecano	Deportivo A Coruña	Rayo Vallecano	Deportivo A Coruña				2026-10-02T15:53:48.654224+00:00	2	laliga			
m_1x0fKw	l_0ErfuF	2026/2027	2027-05-09	2027-05-09T13:00:00+00:00	not_started	t_1cpTpB	t_0NnBSa	Deportivo Alavés	Levante	Deportivo Alavés	Levante				2026-10-02T15:53:48.654224+00:00	2	laliga			
m_2Z85IK	l_0ErfuF	2026/2027	2027-05-09	2027-05-09T13:00:00+00:00	not_started	t_3kAVv6	t_4XayA9	Racing Santander	Sevilla	Racing Santander	Sevilla				2026-10-02T15:53:48.654224+00:00	2	laliga			
m_2aBGFK	l_0ErfuF	2026/2027	2027-05-09	2027-05-09T13:00:00+00:00	not_started	t_3kZPrE	t_2DcXQn	Athletic Club	Málaga	Athletic Club	Málaga				2026-10-02T15:53:48.654224+00:00	2	laliga			
m_2wQbqi	l_0ErfuF	2026/2027	2027-05-09	2027-05-09T13:00:00+00:00	not_started	t_3i7zAH	t_2PLTQW	Getafe	Elche	Getafe	Elche				2026-10-02T15:53:48.654224+00:00	2	laliga			
m_3Iee8T	l_0ErfuF	2026/2027	2027-05-09	2027-05-09T13:00:00+00:00	not_started	t_4NZcri	t_32jSEF	Real Madrid	Barcelona	Real Madrid	Barcelona				2026-10-02T15:53:48.654224+00:00	2	laliga			
m_4M0aA5	l_0ErfuF	2026/2027	2027-05-09	2027-05-09T13:00:00+00:00	not_started	t_3TftmE	t_3NIiXl	Valencia	Atlético Madrid	Valencia	Atlético Madrid				2026-10-02T15:53:48.654224+00:00	2	laliga			
m_0uqUs8	l_0ErfuF	2026/2027	2027-05-16	2027-05-16T13:00:00+00:00	not_started	t_2xafLl	t_1cpTpB	Deportivo A Coruña	Deportivo Alavés	Deportivo A Coruña	Deportivo Alavés				2026-10-02T15:53:48.654224+00:00	2	laliga			
m_21wDIC	l_0ErfuF	2026/2027	2027-05-16	2027-05-16T13:00:00+00:00	not_started	t_2DcXQn	t_4aQcO7	Málaga	Celta Vigo	Málaga	Celta Vigo				2026-10-02T15:53:48.654224+00:00	2	laliga			
m_2WIbNQ	l_0ErfuF	2026/2027	2027-05-16	2027-05-16T13:00:00+00:00	not_started	t_4XayA9	t_4SV4jg	Sevilla	Villarreal	Sevilla	Villarreal				2026-10-02T15:53:48.654224+00:00	2	laliga			
m_2YXixD	l_0ErfuF	2026/2027	2027-05-16	2027-05-16T13:00:00+00:00	not_started	t_3NIiXl	t_17aOG3	Atlético Madrid	Rayo Vallecano	Atlético Madrid	Rayo Vallecano				2026-10-02T15:53:48.654224+00:00	2	laliga			
m_2beg7Q	l_0ErfuF	2026/2027	2027-05-16	2027-05-16T13:00:00+00:00	not_started	t_3WlXqr	t_3TftmE	Espanyol	Valencia	Espanyol	Valencia				2026-10-02T15:53:48.654224+00:00	2	laliga			
m_2gQ8Xz	l_0ErfuF	2026/2027	2027-05-16	2027-05-16T13:00:00+00:00	not_started	t_1hKtUw	t_32jSEF	Real Sociedad	Barcelona	Real Sociedad	Barcelona				2026-10-02T15:53:48.654224+00:00	2	laliga			
m_3WklOR	l_0ErfuF	2026/2027	2027-05-16	2027-05-16T13:00:00+00:00	not_started	t_2PLTQW	t_3kZPrE	Elche	Athletic Club	Elche	Athletic Club				2026-10-02T15:53:48.654224+00:00	2	laliga			
m_4QbklN	l_0ErfuF	2026/2027	2027-05-16	2027-05-16T13:00:00+00:00	not_started	t_4NZcri	t_3kAVv6	Real Madrid	Racing Santander	Real Madrid	Racing Santander				2026-10-02T15:53:48.654224+00:00	2	laliga			
m_4Z3ZmS	l_0ErfuF	2026/2027	2027-05-16	2027-05-16T13:00:00+00:00	not_started	t_0HBI4G	t_0HSzvM	Osasuna	Real Betis	Osasuna	Real Betis				2026-10-02T15:53:48.654224+00:00	2	laliga			
m_4bjzWT	l_0ErfuF	2026/2027	2027-05-16	2027-05-16T13:00:00+00:00	not_started	t_0NnBSa	t_3i7zAH	Levante	Getafe	Levante	Getafe				2026-10-02T15:53:48.654224+00:00	2	laliga			
m_0t0729	l_0ErfuF	2026/2027	2027-05-23	2027-05-23T13:00:00+00:00	not_started	t_17aOG3	t_0HSzvM	Rayo Vallecano	Real Betis	Rayo Vallecano	Real Betis				2026-10-02T15:53:48.654224+00:00	2	laliga			
m_1Jn19r	l_0ErfuF	2026/2027	2027-05-23	2027-05-23T13:00:00+00:00	not_started	t_4SV4jg	t_0HBI4G	Villarreal	Osasuna	Villarreal	Osasuna				2026-10-02T15:53:48.654224+00:00	2	laliga			
m_1bsdWs	l_0ErfuF	2026/2027	2027-05-23	2027-05-23T13:00:00+00:00	not_started	t_4aQcO7	t_1hKtUw	Celta Vigo	Real Sociedad	Celta Vigo	Real Sociedad				2026-10-02T15:53:48.654224+00:00	2	laliga			
m_1nFs9v	l_0ErfuF	2026/2027	2027-05-23	2027-05-23T13:00:00+00:00	not_started	t_4XayA9	t_3i7zAH	Sevilla	Getafe	Sevilla	Getafe				2026-10-02T15:53:48.654224+00:00	2	laliga			
m_2OJG7p	l_0ErfuF	2026/2027	2027-05-23	2027-05-23T13:00:00+00:00	not_started	t_3NIiXl	t_3kZPrE	Atlético Madrid	Athletic Club	Atlético Madrid	Athletic Club				2026-10-02T15:53:48.654224+00:00	2	laliga			
m_31bfqU	l_0ErfuF	2026/2027	2027-05-23	2027-05-23T13:00:00+00:00	not_started	t_1cpTpB	t_4NZcri	Deportivo Alavés	Real Madrid	Deportivo Alavés	Real Madrid				2026-10-02T15:53:48.654224+00:00	2	laliga			
m_3ezNz0	l_0ErfuF	2026/2027	2027-05-23	2027-05-23T13:00:00+00:00	not_started	t_3TftmE	t_2PLTQW	Valencia	Elche	Valencia	Elche				2026-10-02T15:53:48.654224+00:00	2	laliga			
m_3wyb2F	l_0ErfuF	2026/2027	2027-05-23	2027-05-23T13:00:00+00:00	not_started	t_3kAVv6	t_0NnBSa	Racing Santander	Levante	Racing Santander	Levante				2026-10-02T15:53:48.654224+00:00	2	laliga			
m_4Dvuww	l_0ErfuF	2026/2027	2027-05-23	2027-05-23T13:00:00+00:00	not_started	t_32jSEF	t_2DcXQn	Barcelona	Málaga	Barcelona	Málaga				2026-10-02T15:53:48.654224+00:00	2	laliga			
m_4SjHRZ	l_0ErfuF	2026/2027	2027-05-23	2027-05-23T13:00:00+00:00	not_started	t_2xafLl	t_3WlXqr	Deportivo A Coruña	Espanyol	Deportivo A Coruña	Espanyol				2026-10-02T15:53:48.654224+00:00	2	laliga			
m_0TENEO	l_0ErfuF	2026/2027	2027-05-30	2027-05-30T13:00:00+00:00	not_started	t_0NnBSa	t_4aQcO7	Levante	Celta Vigo	Levante	Celta Vigo				2026-10-02T15:53:48.654224+00:00	2	laliga			
m_0xEHbx	l_0ErfuF	2026/2027	2027-05-30	2027-05-30T13:00:00+00:00	not_started	t_0HSzvM	t_3NIiXl	Real Betis	Atlético Madrid	Real Betis	Atlético Madrid				2026-10-02T15:53:48.654224+00:00	2	laliga			
m_1EpB7C	l_0ErfuF	2026/2027	2027-05-30	2027-05-30T13:00:00+00:00	not_started	t_3kZPrE	t_17aOG3	Athletic Club	Rayo Vallecano	Athletic Club	Rayo Vallecano				2026-10-02T15:53:48.654224+00:00	2	laliga			
m_1l0ViX	l_0ErfuF	2026/2027	2027-05-30	2027-05-30T13:00:00+00:00	not_started	t_0HBI4G	t_3TftmE	Osasuna	Valencia	Osasuna	Valencia				2026-10-02T15:53:48.654224+00:00	2	laliga			
m_1qJVVx	l_0ErfuF	2026/2027	2027-05-30	2027-05-30T13:00:00+00:00	not_started	t_2DcXQn	t_4XayA9	Málaga	Sevilla	Málaga	Sevilla				2026-10-02T15:53:48.654224+00:00	2	laliga			
m_3ECX5M	l_0ErfuF	2026/2027	2027-05-30	2027-05-30T13:00:00+00:00	not_started	t_3i7zAH	t_32jSEF	Getafe	Barcelona	Getafe	Barcelona				2026-10-02T15:53:48.654224+00:00	2	laliga			
m_3TQ6q2	l_0ErfuF	2026/2027	2027-05-30	2027-05-30T13:00:00+00:00	not_started	t_3WlXqr	t_1cpTpB	Espanyol	Deportivo Alavés	Espanyol	Deportivo Alavés				2026-10-02T15:53:48.654224+00:00	2	laliga			
m_3oSEl1	l_0ErfuF	2026/2027	2027-05-30	2027-05-30T13:00:00+00:00	not_started	t_1hKtUw	t_4SV4jg	Real Sociedad	Villarreal	Real Sociedad	Villarreal				2026-10-02T15:53:48.654224+00:00	2	laliga			
m_40h9LW	l_0ErfuF	2026/2027	2027-05-30	2027-05-30T13:00:00+00:00	not_started	t_4NZcri	t_2xafLl	Real Madrid	Deportivo A Coruña	Real Madrid	Deportivo A Coruña				2026-10-02T15:53:48.654224+00:00	2	laliga			
m_4MwrjO	l_0ErfuF	2026/2027	2027-05-30	2027-05-30T13:00:00+00:00	not_started	t_2PLTQW	t_3kAVv6	Elche	Racing Santander	Elche	Racing Santander				2026-10-02T15:53:48.654224+00:00	2	laliga			
