fixture_id	provider_match_id	confidence	reason	provider	home_team_id	away_team_id	kickoff_utc	mapped_at
fx:f2bbbd412c091f351948	m_0Xfvtb	1.0	normalized oriented team pair + kickoff tolerance	pitchapi	laliga:alaves	laliga:getafe	2026-08-15 17:30:00+00:00	2026-10-02T15:39:59.622939+00:00
fx:50176acc73efd22c61b0	m_2x0fUS	1.0	normalized oriented team pair + kickoff tolerance	pitchapi	laliga:sevilla	laliga:vallecano	2026-08-15 19:30:00+00:00	2026-10-02T15:39:59.622939+00:00
fx:daefd41a788de702be7e	m_3ij3BA	1.0	normalized oriented team pair + kickoff tolerance	pitchapi	laliga:espanol	laliga:levante	2026-08-16 17:00:00+00:00	2026-10-02T15:39:59.622939+00:00
fx:e128b7afc71d5e1b1131	m_25kb8U	0.9972222222222222	normalized oriented team pair + kickoff tolerance	pitchapi	laliga:ath-madrid	laliga:malaga	2026-08-19 19:00:00+00:00	2026-10-02T15:39:59.622939+00:00
fx:27eb4abd30c51b9923bb	m_379TVC	1.0	normalized oriented team pair + kickoff tolerance	pitchapi	laliga:vallecano	laliga:alaves	2026-08-20 19:00:00+00:00	2026-10-02T15:39:59.622939+00:00
fx:70669800e7cd622044e3	m_3tp1PT	1.0	normalized oriented team pair + kickoff tolerance	pitchapi	laliga:betis	laliga:sociedad	2026-08-21 19:00:00+00:00	2026-10-02T15:39:59.622939+00:00
fx:3bd0f9505640789b00c5	m_2tX8Cb	1.0	normalized oriented team pair + kickoff tolerance	pitchapi	laliga:ath-bilbao	laliga:sevilla	2026-08-22 15:00:00+00:00	2026-10-02T15:39:59.622939+00:00
fx:65ec5a871b0b480db63a	m_3l9wBG	1.0	normalized oriented team pair + kickoff tolerance	pitchapi	laliga:valencia	laliga:celta	2026-08-22 17:30:00+00:00	2026-10-02T15:39:59.622939+00:00
fx:2ba76883e2fff5a76bb8	m_3efCmk	1.0	normalized oriented team pair + kickoff tolerance	pitchapi	laliga:espanol	laliga:real-madrid	2026-08-22 19:30:00+00:00	2026-10-02T15:39:59.622939+00:00
fx:d3271b887b1ae5dd9979	m_4a7z8o	1.0	normalized oriented team pair + kickoff tolerance	pitchapi	laliga:ath-madrid	laliga:villarreal	2026-08-23 15:00:00+00:00	2026-10-02T15:39:59.622939+00:00
fx:99210a7f55809c360e0a	m_1E6aT7	1.0	normalized oriented team pair + kickoff tolerance	pitchapi	laliga:elche	laliga:barcelona	2026-08-23 19:30:00+00:00	2026-10-02T15:39:59.622939+00:00
fx:71f7e8d7fb356f40b627	m_24zrJh	1.0	normalized oriented team pair + kickoff tolerance	pitchapi	laliga:osasuna	laliga:levante	2026-08-24 17:30:00+00:00	2026-10-02T15:39:59.622939+00:00
fx:bfa12259cdad1d7ec3ca	m_26qET9	1.0	normalized oriented team pair + kickoff tolerance	pitchapi	laliga:valencia	laliga:betis	2026-08-25 19:00:00+00:00	2026-10-02T15:39:59.622939+00:00
fx:8dd5388a069c04d74cad	m_0qNmcs	1.0	normalized oriented team pair + kickoff tolerance	pitchapi	laliga:real-madrid	laliga:sociedad	2026-08-26 19:00:00+00:00	2026-10-02T15:39:59.622939+00:00
fx:386d4866673508ce7ecb	m_0BalGR	1.0	normalized oriented team pair + kickoff tolerance	pitchapi	laliga:celta	laliga:osasuna	2026-08-27 18:30:00+00:00	2026-10-02T15:39:59.622939+00:00
fx:14f214cbb442451ab141	m_48MCFg	1.0	normalized oriented team pair + kickoff tolerance	pitchapi	laliga:barcelona	laliga:ath-bilbao	2026-08-27 19:00:00+00:00	2026-10-02T15:39:59.622939+00:00
fx:ca06681008abd41cc2ca	m_2ZPwzR	1.0	normalized oriented team pair + kickoff tolerance	pitchapi	laliga:alaves	laliga:villarreal	2026-08-28 19:30:00+00:00	2026-10-02T15:39:59.622939+00:00
fx:7673fe9089fb3445bf17	m_2tvCpB	1.0	normalized oriented team pair + kickoff tolerance	pitchapi	laliga:levante	laliga:betis	2026-08-29 15:00:00+00:00	2026-10-02T15:39:59.622939+00:00
fx:2a630fd8c2be18f8d18b	m_0xmQMb	1.0	normalized oriented team pair + kickoff tolerance	pitchapi	laliga:sociedad	laliga:espanol	2026-08-29 17:00:00+00:00	2026-10-02T15:39:59.622939+00:00
fx:45f7a49954034fcda401	m_0HQBKl	1.0	normalized oriented team pair + kickoff tolerance	pitchapi	laliga:sevilla	laliga:ath-madrid	2026-08-29 19:30:00+00:00	2026-10-02T15:39:59.622939+00:00
fx:e7fdc49696ccfed94fa3	m_3w4oIl	1.0	normalized oriented team pair + kickoff tolerance	pitchapi	laliga:real-madrid	laliga:malaga	2026-08-30 15:00:00+00:00	2026-10-02T15:39:59.622939+00:00
fx:01173041db772685cbff	m_2NhJUV	1.0	normalized oriented team pair + kickoff tolerance	pitchapi	laliga:celta	laliga:ath-bilbao	2026-08-30 19:30:00+00:00	2026-10-02T15:39:59.622939+00:00
fx:ddd45e1588b5d5ca3e96	m_0ADZue	1.0	normalized oriented team pair + kickoff tolerance	pitchapi	laliga:osasuna	laliga:getafe	2026-08-31 17:30:00+00:00	2026-10-02T15:39:59.622939+00:00
fx:ec1e0d52cc54fb8d2bc5	m_0eC6YE	1.0	normalized oriented team pair + kickoff tolerance	pitchapi	laliga:barcelona	laliga:vallecano	2026-08-31 19:30:00+00:00	2026-10-02T15:39:59.622939+00:00
fx:f7365220fc54f8dfab52	m_2j6IAV	1.0	normalized oriented team pair + kickoff tolerance	pitchapi	laliga:sociedad	laliga:celta	2026-09-03 19:00:00+00:00	2026-10-02T15:39:59.622939+00:00
fx:f143b99e77761d9c00a4	m_14HTfL	1.0	normalized oriented team pair + kickoff tolerance	pitchapi	laliga:betis	laliga:real-madrid	2026-09-04 19:00:00+00:00	2026-10-02T15:39:59.622939+00:00
fx:05395a6fe6a16e6dc329	m_41AATn	1.0	normalized oriented team pair + kickoff tolerance	pitchapi	laliga:ath-bilbao	laliga:ath-madrid	2026-09-05 14:15:00+00:00	2026-10-02T15:39:59.622939+00:00
fx:166f8d74bdcbc456edb2	m_1UqsYb	1.0	normalized oriented team pair + kickoff tolerance	pitchapi	laliga:valencia	laliga:barcelona	2026-09-06 14:15:00+00:00	2026-10-02T15:39:59.622939+00:00
fx:19dec3e70ade036f95a9	m_3nHye2	1.0	normalized oriented team pair + kickoff tolerance	pitchapi	laliga:malaga	laliga:levante	2026-09-06 16:30:00+00:00	2026-10-02T15:39:59.622939+00:00
fx:a39243897388c727d201	m_0RgVtY	1.0	normalized oriented team pair + kickoff tolerance	pitchapi	laliga:alaves	laliga:osasuna	2026-09-06 16:30:00+00:00	2026-10-02T15:39:59.622939+00:00
fx:18bef116b4ae3f606463	m_0jE39V	1.0	normalized oriented team pair + kickoff tolerance	pitchapi	laliga:espanol	laliga:sevilla	2026-09-06 19:00:00+00:00	2026-10-02T15:39:59.622939+00:00
fx:9614f3040b20866e7b01	m_3LOyCh	1.0	normalized oriented team pair + kickoff tolerance	pitchapi	laliga:getafe	laliga:celta	2026-09-07 17:00:00+00:00	2026-10-02T15:39:59.622939+00:00
fx:790b2a9ff60d64760ccd	m_3cNexV	1.0	normalized oriented team pair + kickoff tolerance	pitchapi	laliga:elche	laliga:sociedad	2026-09-07 19:30:00+00:00	2026-10-02T15:39:59.622939+00:00
fx:621573bea585f9fd7bbe	m_48rNcp	1.0	normalized oriented team pair + kickoff tolerance	pitchapi	laliga:sevilla	laliga:valencia	2026-09-11 19:00:00+00:00	2026-10-02T15:39:59.622939+00:00
fx:d7f0842479e9a37888d3	m_1dqxqg	1.0	normalized oriented team pair + kickoff tolerance	pitchapi	laliga:osasuna	laliga:espanol	2026-09-12 14:15:00+00:00	2026-10-02T15:39:59.622939+00:00
fx:eb4f3adffbd22e4c4011	m_2XBrhq	1.0	normalized oriented team pair + kickoff tolerance	pitchapi	laliga:ath-bilbao	laliga:elche	2026-09-12 16:30:00+00:00	2026-10-02T15:39:59.622939+00:00
fx:69c2c0c6ae0d0df8a3a7	m_0Gi2tb	1.0	normalized oriented team pair + kickoff tolerance	pitchapi	laliga:real-madrid	laliga:vallecano	2026-09-12 19:00:00+00:00	2026-10-02T15:39:59.622939+00:00
fx:dab87c133d5826f5ec0d	m_4WfCxR	1.0	normalized oriented team pair + kickoff tolerance	pitchapi	laliga:celta	laliga:malaga	2026-09-13 12:00:00+00:00	2026-10-02T15:39:59.622939+00:00
fx:10408b8829b7d1289af1	m_4Gxl2t	1.0	normalized oriented team pair + kickoff tolerance	pitchapi	laliga:levante	laliga:barcelona	2026-09-13 14:15:00+00:00	2026-10-02T15:39:59.622939+00:00
fx:6c3ba65d46a39c1d7b79	m_3iO3fT	1.0	normalized oriented team pair + kickoff tolerance	pitchapi	laliga:sociedad	laliga:ath-madrid	2026-09-13 19:00:00+00:00	2026-10-02T15:39:59.622939+00:00
fx:f4ac955b8a980bddba50	m_3AiwBV	1.0	normalized oriented team pair + kickoff tolerance	pitchapi	laliga:villarreal	laliga:betis	2026-09-14 19:00:00+00:00	2026-10-02T15:39:59.622939+00:00
fx:58d0bafbcf5e9b0f84d2	m_2JPb6A	1.0	normalized oriented team pair + kickoff tolerance	pitchapi	laliga:vallecano	laliga:espanol	2026-09-15 17:00:00+00:00	2026-10-02T15:39:59.622939+00:00
fx:cf9e34379f8cdcacc559	m_3NVWdj	1.0	normalized oriented team pair + kickoff tolerance	pitchapi	laliga:alaves	laliga:valencia	2026-09-15 18:00:00+00:00	2026-10-02T15:39:59.622939+00:00
fx:41d0bdb5fcc7d28678ac	m_02ZDpl	1.0	normalized oriented team pair + kickoff tolerance	pitchapi	laliga:elche	laliga:real-madrid	2026-09-15 19:30:00+00:00	2026-10-02T15:39:59.622939+00:00
fx:e89eda6f5c47954f9164	m_29PgZ9	1.0	normalized oriented team pair + kickoff tolerance	pitchapi	laliga:ath-madrid	laliga:osasuna	2026-09-16 17:00:00+00:00	2026-10-02T15:39:59.622939+00:00
fx:0baf18502dd42cf6aa83	m_2i5fbH	1.0	normalized oriented team pair + kickoff tolerance	pitchapi	laliga:betis	laliga:getafe	2026-09-17 17:00:00+00:00	2026-10-02T15:39:59.622939+00:00
fx:ea626517f3a9984c3545	m_2s6l0S	1.0	normalized oriented team pair + kickoff tolerance	pitchapi	laliga:malaga	laliga:villarreal	2026-09-17 19:30:00+00:00	2026-10-02T15:39:59.622939+00:00
fx:ce43cb8a26ff3e9862d7	m_4XCcaN	1.0	normalized oriented team pair + kickoff tolerance	pitchapi	laliga:espanol	laliga:elche	2026-09-18 19:00:00+00:00	2026-10-02T15:39:59.622939+00:00
fx:a2e6fdef44c14882c86d	m_4bJZ0Q	1.0	normalized oriented team pair + kickoff tolerance	pitchapi	laliga:osasuna	laliga:vallecano	2026-09-19 12:00:00+00:00	2026-10-02T15:39:59.622939+00:00
fx:f90397af180639dbf85f	m_4B6vVD	1.0	normalized oriented team pair + kickoff tolerance	pitchapi	laliga:ath-bilbao	laliga:alaves	2026-09-19 14:15:00+00:00	2026-10-02T15:39:59.622939+00:00
fx:5286ff6f2879448b2556	m_3h30LC	1.0	normalized oriented team pair + kickoff tolerance	pitchapi	laliga:sevilla	laliga:barcelona	2026-09-19 19:00:00+00:00	2026-10-02T15:39:59.622939+00:00
fx:5fa8e0988db68d6d3132	m_3Rgvpc	1.0	normalized oriented team pair + kickoff tolerance	pitchapi	laliga:getafe	laliga:malaga	2026-09-20 12:00:00+00:00	2026-10-02T15:39:59.622939+00:00
fx:29baa62c1b3eb0f02553	m_4YVQy0	1.0	normalized oriented team pair + kickoff tolerance	pitchapi	laliga:ath-madrid	laliga:real-madrid	2026-09-20 14:15:00+00:00	2026-10-02T15:39:59.622939+00:00
fx:9574e418eaec865a191b	m_18yHTu	1.0	normalized oriented team pair + kickoff tolerance	pitchapi	laliga:villarreal	laliga:levante	2026-09-20 16:30:00+00:00	2026-10-02T15:39:59.622939+00:00
fx:a325bdd2a5f1f09f60d7	m_2xFzTm	1.0	normalized oriented team pair + kickoff tolerance	pitchapi	laliga:valencia	laliga:sociedad	2026-09-20 19:00:00+00:00	2026-10-02T15:39:59.622939+00:00
laliga:football-data:564698	m_19qggZ	1.0	normalized oriented team pair + kickoff tolerance	pitchapi	laliga:vallecano	laliga:ath-bilbao	2026-10-10 12:00:00+00:00	2026-10-02T15:53:45.740306+00:00
laliga:football-data:564699	m_2HMhcZ	1.0	normalized oriented team pair + kickoff tolerance	pitchapi	laliga:alaves	laliga:ath-madrid	2026-10-10 14:15:00+00:00	2026-10-02T15:53:45.740306+00:00
laliga:football-data:564700	m_4HSsqt	1.0	normalized oriented team pair + kickoff tolerance	pitchapi	laliga:barcelona	laliga:getafe	2026-10-10 16:30:00+00:00	2026-10-02T15:53:45.740306+00:00
laliga:football-data:564702	m_2sXiE5	1.0	normalized oriented team pair + kickoff tolerance	pitchapi	laliga:real-madrid	laliga:villarreal	2026-10-10 19:00:00+00:00	2026-10-02T15:53:45.740306+00:00
laliga:football-data:564703	m_3QSUEv	1.0	normalized oriented team pair + kickoff tolerance	pitchapi	laliga:elche	laliga:celta	2026-10-11 12:00:00+00:00	2026-10-02T15:53:45.740306+00:00
laliga:football-data:564701	m_3PazTX	1.0	normalized oriented team pair + kickoff tolerance	pitchapi	laliga:betis	laliga:osasuna	2026-10-11 16:30:00+00:00	2026-10-02T15:53:45.740306+00:00
laliga:football-data:564704	m_2Nuzb0	1.0	normalized oriented team pair + kickoff tolerance	pitchapi	laliga:levante	laliga:sevilla	2026-10-12 19:00:00+00:00	2026-10-02T15:53:45.740306+00:00
laliga:football-data:564710	m_0MHtdh	1.0	normalized oriented team pair + kickoff tolerance	pitchapi	laliga:espanol	laliga:ath-madrid	2026-10-17 12:00:00+00:00	2026-10-02T15:53:45.740306+00:00
laliga:football-data:564708	m_0QudQW	1.0	normalized oriented team pair + kickoff tolerance	pitchapi	laliga:villarreal	laliga:elche	2026-10-17 14:15:00+00:00	2026-10-02T15:53:45.740306+00:00
laliga:football-data:564713	m_10CVCK	1.0	normalized oriented team pair + kickoff tolerance	pitchapi	laliga:betis	laliga:barcelona	2026-10-17 16:30:00+00:00	2026-10-02T15:53:45.740306+00:00
laliga:football-data:564711	m_301zqq	1.0	normalized oriented team pair + kickoff tolerance	pitchapi	laliga:valencia	laliga:ath-bilbao	2026-10-17 19:00:00+00:00	2026-10-02T15:53:45.740306+00:00
laliga:football-data:564712	m_2gB2TY	1.0	normalized oriented team pair + kickoff tolerance	pitchapi	laliga:celta	laliga:alaves	2026-10-18 14:15:00+00:00	2026-10-02T15:53:45.740306+00:00
laliga:football-data:564709	m_42Fvm8	1.0	normalized oriented team pair + kickoff tolerance	pitchapi	laliga:real-madrid	laliga:sevilla	2026-10-18 19:00:00+00:00	2026-10-02T15:53:45.740306+00:00
laliga:football-data:564717	m_13g2y0	1.0	normalized oriented team pair + kickoff tolerance	pitchapi	laliga:getafe	laliga:vallecano	2026-10-19 19:00:00+00:00	2026-10-02T15:53:45.740306+00:00
laliga:football-data:564685	m_0bCfNS	1.0	normalized oriented team pair + kickoff tolerance	pitchapi	laliga:levante	laliga:ath-bilbao	2026-10-21 18:00:00+00:00	2026-10-02T15:53:45.740306+00:00
laliga:football-data:564718	m_2Cci0A	1.0	normalized oriented team pair + kickoff tolerance	pitchapi	laliga:vallecano	laliga:elche	2026-10-24 12:00:00+00:00	2026-10-02T15:53:45.740306+00:00
laliga:football-data:564722	m_0il15v	1.0	normalized oriented team pair + kickoff tolerance	pitchapi	laliga:valencia	laliga:villarreal	2026-10-24 16:30:00+00:00	2026-10-02T15:53:45.740306+00:00
laliga:football-data:564720	m_1PJrKk	1.0	normalized oriented team pair + kickoff tolerance	pitchapi	laliga:ath-bilbao	laliga:getafe	2026-10-25 13:00:00+00:00	2026-10-02T15:53:45.740306+00:00
laliga:football-data:564725	m_1Nmiaa	1.0	normalized oriented team pair + kickoff tolerance	pitchapi	laliga:celta	laliga:betis	2026-10-25 15:15:00+00:00	2026-10-02T15:53:45.740306+00:00
laliga:football-data:564726	m_22ay5L	1.0	normalized oriented team pair + kickoff tolerance	pitchapi	laliga:sociedad	laliga:levante	2026-10-25 17:30:00+00:00	2026-10-02T15:53:45.740306+00:00
laliga:football-data:564723	m_1fvtTi	1.0	normalized oriented team pair + kickoff tolerance	pitchapi	laliga:barcelona	laliga:real-madrid	2026-10-25 20:00:00+00:00	2026-10-02T15:53:45.740306+00:00
laliga:football-data:564721	m_1XOUXe	1.0	normalized oriented team pair + kickoff tolerance	pitchapi	laliga:sevilla	laliga:osasuna	2026-10-26 20:00:00+00:00	2026-10-02T15:53:45.740306+00:00
