fixture_id,provider_event_id,source,observed_at,kickoff_utc,Date,Time,Matchday,HomeTeam,AwayTeam,Status
laliga:football-data:564706,564706,football-data.org,2026-10-02T15:22:44.902937+00:00,2026-10-09T19:00:00+00:00,2026-10-09,03:00 PM ET,8,Málaga CF,RCD Espanyol de Barcelona,TIMED
laliga:football-data:564698,564698,football-data.org,2026-10-02T15:22:44.902937+00:00,2026-10-10T12:00:00+00:00,2026-10-10,08:00 AM ET,8,Rayo Vallecano de Madrid,Athletic Club,TIMED
laliga:football-data:564699,564699,football-data.org,2026-10-02T15:22:44.902937+00:00,2026-10-10T14:15:00+00:00,2026-10-10,10:15 AM ET,8,Deportivo Alavés,Club Atlético de Madrid,TIMED
laliga:football-data:564700,564700,football-data.org,2026-10-02T15:22:44.902937+00:00,2026-10-10T16:30:00+00:00,2026-10-10,12:30 PM ET,8,FC Barcelona,Getafe CF,TIMED
laliga:football-data:564702,564702,football-data.org,2026-10-02T15:22:44.902937+00:00,2026-10-10T19:00:00+00:00,2026-10-10,03:00 PM ET,8,Real Madrid CF,Villarreal CF,TIMED
laliga:football-data:564703,564703,football-data.org,2026-10-02T15:22:44.902937+00:00,2026-10-11T12:00:00+00:00,2026-10-11,08:00 AM ET,8,Elche CF,RC Celta de Vigo,TIMED
laliga:football-data:564707,564707,football-data.org,2026-10-02T15:22:44.902937+00:00,2026-10-11T14:15:00+00:00,2026-10-11,10:15 AM ET,8,Real Sociedad de Fútbol,RC Deportivo La Coruña,TIMED
laliga:football-data:564701,564701,football-data.org,2026-10-02T15:22:44.902937+00:00,2026-10-11T16:30:00+00:00,2026-10-11,12:30 PM ET,8,Real Betis Balompié,CA Osasuna,TIMED
laliga:football-data:564705,564705,football-data.org,2026-10-02T15:22:44.902937+00:00,2026-10-11T19:00:00+00:00,2026-10-11,03:00 PM ET,8,Real Racing Club de Santander,Valencia CF,TIMED
laliga:football-data:564704,564704,football-data.org,2026-10-02T15:22:44.902937+00:00,2026-10-12T19:00:00+00:00,2026-10-12,03:00 PM ET,8,Levante UD,Sevilla FC,TIMED
laliga:football-data:564716,564716,football-data.org,2026-10-02T15:22:44.902937+00:00,2026-10-16T19:00:00+00:00,2026-10-16,03:00 PM ET,9,RC Deportivo La Coruña,Levante UD,TIMED
laliga:football-data:564710,564710,football-data.org,2026-10-02T15:22:44.902937+00:00,2026-10-17T12:00:00+00:00,2026-10-17,08:00 AM ET,9,RCD Espanyol de Barcelona,Club Atlético de Madrid,TIMED
laliga:football-data:564708,564708,football-data.org,2026-10-02T15:22:44.902937+00:00,2026-10-17T14:15:00+00:00,2026-10-17,10:15 AM ET,9,Villarreal CF,Elche CF,TIMED
laliga:football-data:564713,564713,football-data.org,2026-10-02T15:22:44.902937+00:00,2026-10-17T16:30:00+00:00,2026-10-17,12:30 PM ET,9,Real Betis Balompié,FC Barcelona,TIMED
laliga:football-data:564711,564711,football-data.org,2026-10-02T15:22:44.902937+00:00,2026-10-17T19:00:00+00:00,2026-10-17,03:00 PM ET,9,Valencia CF,Athletic Club,TIMED
laliga:football-data:564715,564715,football-data.org,2026-10-02T15:22:44.902937+00:00,2026-10-18T12:00:00+00:00,2026-10-18,08:00 AM ET,9,CA Osasuna,Real Racing Club de Santander,TIMED
laliga:football-data:564712,564712,football-data.org,2026-10-02T15:22:44.902937+00:00,2026-10-18T14:15:00+00:00,2026-10-18,10:15 AM ET,9,RC Celta de Vigo,Deportivo Alavés,TIMED
laliga:football-data:564714,564714,football-data.org,2026-10-02T15:22:44.902937+00:00,2026-10-18T16:30:00+00:00,2026-10-18,12:30 PM ET,9,Málaga CF,Real Sociedad de Fútbol,TIMED
laliga:football-data:564709,564709,football-data.org,2026-10-02T15:22:44.902937+00:00,2026-10-18T19:00:00+00:00,2026-10-18,03:00 PM ET,9,Real Madrid CF,Sevilla FC,TIMED
laliga:football-data:564717,564717,football-data.org,2026-10-02T15:22:44.902937+00:00,2026-10-19T19:00:00+00:00,2026-10-19,03:00 PM ET,9,Getafe CF,Rayo Vallecano de Madrid,TIMED
laliga:football-data:564685,564685,football-data.org,2026-10-02T15:22:44.902937+00:00,2026-10-21T18:00:00+00:00,2026-10-21,02:00 PM ET,6,Levante UD,Athletic Club,TIMED
laliga:football-data:564719,564719,football-data.org,2026-10-02T15:22:44.902937+00:00,2026-10-23T19:00:00+00:00,2026-10-23,03:00 PM ET,10,Deportivo Alavés,Málaga CF,TIMED
laliga:football-data:564718,564718,football-data.org,2026-10-02T15:22:44.902937+00:00,2026-10-24T12:00:00+00:00,2026-10-24,08:00 AM ET,10,Rayo Vallecano de Madrid,Elche CF,TIMED
laliga:football-data:564727,564727,football-data.org,2026-10-02T15:22:44.902937+00:00,2026-10-24T14:15:00+00:00,2026-10-24,10:15 AM ET,10,Real Racing Club de Santander,RCD Espanyol de Barcelona,TIMED
laliga:football-data:564722,564722,football-data.org,2026-10-02T15:22:44.902937+00:00,2026-10-24T16:30:00+00:00,2026-10-24,12:30 PM ET,10,Valencia CF,Villarreal CF,TIMED
laliga:football-data:564724,564724,football-data.org,2026-10-02T15:22:44.902937+00:00,2026-10-24T19:00:00+00:00,2026-10-24,03:00 PM ET,10,Club Atlético de Madrid,RC Deportivo La Coruña,TIMED
laliga:football-data:564720,564720,football-data.org,2026-10-02T15:22:44.902937+00:00,2026-10-25T13:00:00+00:00,2026-10-25,09:00 AM ET,10,Athletic Club,Getafe CF,TIMED
laliga:football-data:564725,564725,football-data.org,2026-10-02T15:22:44.902937+00:00,2026-10-25T15:15:00+00:00,2026-10-25,11:15 AM ET,10,RC Celta de Vigo,Real Betis Balompié,TIMED
laliga:football-data:564726,564726,football-data.org,2026-10-02T15:22:44.902937+00:00,2026-10-25T17:30:00+00:00,2026-10-25,01:30 PM ET,10,Real Sociedad de Fútbol,Levante UD,TIMED
laliga:football-data:564723,564723,football-data.org,2026-10-02T15:22:44.902937+00:00,2026-10-25T20:00:00+00:00,2026-10-25,04:00 PM ET,10,FC Barcelona,Real Madrid CF,TIMED
laliga:football-data:564721,564721,football-data.org,2026-10-02T15:22:44.902937+00:00,2026-10-26T20:00:00+00:00,2026-10-26,04:00 PM ET,10,Sevilla FC,CA Osasuna,TIMED
laliga:football-data:564736,564736,football-data.org,2026-10-02T15:22:44.902937+00:00,2026-11-01T00:00:00+00:00,2026-10-31,08:00 PM ET,11,Real Betis Balompié,Málaga CF,SCHEDULED
laliga:football-data:564737,564737,football-data.org,2026-10-02T15:22:44.902937+00:00,2026-11-01T00:00:00+00:00,2026-10-31,08:00 PM ET,11,Villarreal CF,RCD Espanyol de Barcelona,SCHEDULED
laliga:football-data:564728,564728,football-data.org,2026-10-02T15:22:44.902937+00:00,2026-11-01T00:00:00+00:00,2026-10-31,08:00 PM ET,11,Elche CF,Valencia CF,SCHEDULED
laliga:football-data:564729,564729,football-data.org,2026-10-02T15:22:44.902937+00:00,2026-11-01T00:00:00+00:00,2026-10-31,08:00 PM ET,11,Athletic Club,Real Sociedad de Fútbol,SCHEDULED
laliga:football-data:564730,564730,football-data.org,2026-10-02T15:22:44.902937+00:00,2026-11-01T00:00:00+00:00,2026-10-31,08:00 PM ET,11,Levante UD,Club Atlético de Madrid,SCHEDULED
laliga:football-data:564731,564731,football-data.org,2026-10-02T15:22:44.902937+00:00,2026-11-01T00:00:00+00:00,2026-10-31,08:00 PM ET,11,RC Deportivo La Coruña,CA Osasuna,SCHEDULED
laliga:football-data:564732,564732,football-data.org,2026-10-02T15:22:44.902937+00:00,2026-11-01T00:00:00+00:00,2026-10-31,08:00 PM ET,11,FC Barcelona,Deportivo Alavés,SCHEDULED
laliga:football-data:564733,564733,football-data.org,2026-10-02T15:22:44.902937+00:00,2026-11-01T00:00:00+00:00,2026-10-31,08:00 PM ET,11,Getafe CF,Sevilla FC,SCHEDULED
laliga:football-data:564734,564734,football-data.org,2026-10-02T15:22:44.902937+00:00,2026-11-01T00:00:00+00:00,2026-10-31,08:00 PM ET,11,Real Racing Club de Santander,Real Madrid CF,SCHEDULED
laliga:football-data:564735,564735,football-data.org,2026-10-02T15:22:44.902937+00:00,2026-11-01T00:00:00+00:00,2026-10-31,08:00 PM ET,11,Rayo Vallecano de Madrid,RC Celta de Vigo,SCHEDULED
laliga:football-data:564738,564738,football-data.org,2026-10-02T15:22:44.902937+00:00,2026-11-08T00:00:00+00:00,2026-11-07,07:00 PM ET,12,Elche CF,Real Betis Balompié,SCHEDULED
laliga:football-data:564739,564739,football-data.org,2026-10-02T15:22:44.902937+00:00,2026-11-08T00:00:00+00:00,2026-11-07,07:00 PM ET,12,CA Osasuna,Athletic Club,SCHEDULED
laliga:football-data:564740,564740,football-data.org,2026-10-02T15:22:44.902937+00:00,2026-11-08T00:00:00+00:00,2026-11-07,07:00 PM ET,12,Sevilla FC,Deportivo Alavés,SCHEDULED
laliga:football-data:564741,564741,football-data.org,2026-10-02T15:22:44.902937+00:00,2026-11-08T00:00:00+00:00,2026-11-07,07:00 PM ET,12,Valencia CF,Real Madrid CF,SCHEDULED
laliga:football-data:564742,564742,football-data.org,2026-10-02T15:22:44.902937+00:00,2026-11-08T00:00:00+00:00,2026-11-07,07:00 PM ET,12,RC Celta de Vigo,Levante UD,SCHEDULED
laliga:football-data:564743,564743,football-data.org,2026-10-02T15:22:44.902937+00:00,2026-11-08T00:00:00+00:00,2026-11-07,07:00 PM ET,12,Real Sociedad de Fútbol,Rayo Vallecano de Madrid,SCHEDULED
laliga:football-data:564744,564744,football-data.org,2026-10-02T15:22:44.902937+00:00,2026-11-08T00:00:00+00:00,2026-11-07,07:00 PM ET,12,Málaga CF,Real Racing Club de Santander,SCHEDULED
laliga:football-data:564745,564745,football-data.org,2026-10-02T15:22:44.902937+00:00,2026-11-08T00:00:00+00:00,2026-11-07,07:00 PM ET,12,RCD Espanyol de Barcelona,RC Deportivo La Coruña,SCHEDULED
laliga:football-data:564746,564746,football-data.org,2026-10-02T15:22:44.902937+00:00,2026-11-08T00:00:00+00:00,2026-11-07,07:00 PM ET,12,Club Atlético de Madrid,FC Barcelona,SCHEDULED
laliga:football-data:564747,564747,football-data.org,2026-10-02T15:22:44.902937+00:00,2026-11-08T00:00:00+00:00,2026-11-07,07:00 PM ET,12,Villarreal CF,Getafe CF,SCHEDULED
laliga:football-data:564748,564748,football-data.org,2026-10-02T15:22:44.902937+00:00,2026-11-22T00:00:00+00:00,2026-11-21,07:00 PM ET,13,Athletic Club,RCD Espanyol de Barcelona,SCHEDULED
laliga:football-data:564749,564749,football-data.org,2026-10-02T15:22:44.902937+00:00,2026-11-22T00:00:00+00:00,2026-11-21,07:00 PM ET,13,FC Barcelona,Villarreal CF,SCHEDULED
laliga:football-data:564750,564750,football-data.org,2026-10-02T15:22:44.902937+00:00,2026-11-22T00:00:00+00:00,2026-11-21,07:00 PM ET,13,Real Racing Club de Santander,Real Sociedad de Fútbol,SCHEDULED
laliga:football-data:564751,564751,football-data.org,2026-10-02T15:22:44.902937+00:00,2026-11-22T00:00:00+00:00,2026-11-21,07:00 PM ET,13,Rayo Vallecano de Madrid,Valencia CF,SCHEDULED
laliga:football-data:564752,564752,football-data.org,2026-10-02T15:22:44.902937+00:00,2026-11-22T00:00:00+00:00,2026-11-21,07:00 PM ET,13,CA Osasuna,Málaga CF,SCHEDULED
laliga:football-data:564753,564753,football-data.org,2026-10-02T15:22:44.902937+00:00,2026-11-22T00:00:00+00:00,2026-11-21,07:00 PM ET,13,Getafe CF,Club Atlético de Madrid,SCHEDULED
laliga:football-data:564754,564754,football-data.org,2026-10-02T15:22:44.902937+00:00,2026-11-22T00:00:00+00:00,2026-11-21,07:00 PM ET,13,Real Madrid CF,RC Celta de Vigo,SCHEDULED
laliga:football-data:564755,564755,football-data.org,2026-10-02T15:22:44.902937+00:00,2026-11-22T00:00:00+00:00,2026-11-21,07:00 PM ET,13,Deportivo Alavés,RC Deportivo La Coruña,SCHEDULED
laliga:football-data:564756,564756,football-data.org,2026-10-02T15:22:44.902937+00:00,2026-11-22T00:00:00+00:00,2026-11-21,07:00 PM ET,13,Sevilla FC,Real Betis Balompié,SCHEDULED
laliga:football-data:564757,564757,football-data.org,2026-10-02T15:22:44.902937+00:00,2026-11-22T00:00:00+00:00,2026-11-21,07:00 PM ET,13,Levante UD,Elche CF,SCHEDULED
laliga:football-data:564758,564758,football-data.org,2026-10-02T15:22:44.902937+00:00,2026-11-29T00:00:00+00:00,2026-11-28,07:00 PM ET,14,RC Celta de Vigo,Villarreal CF,SCHEDULED
laliga:football-data:564759,564759,football-data.org,2026-10-02T15:22:44.902937+00:00,2026-11-29T00:00:00+00:00,2026-11-28,07:00 PM ET,14,Elche CF,Club Atlético de Madrid,SCHEDULED
laliga:football-data:564760,564760,football-data.org,2026-10-02T15:22:44.902937+00:00,2026-11-29T00:00:00+00:00,2026-11-28,07:00 PM ET,14,Real Betis Balompié,Rayo Vallecano de Madrid,SCHEDULED
laliga:football-data:564761,564761,football-data.org,2026-10-02T15:22:44.902937+00:00,2026-11-29T00:00:00+00:00,2026-11-28,07:00 PM ET,14,Valencia CF,CA Osasuna,SCHEDULED
laliga:football-data:564762,564762,football-data.org,2026-10-02T15:22:44.902937+00:00,2026-11-29T00:00:00+00:00,2026-11-28,07:00 PM ET,14,Real Madrid CF,Deportivo Alavés,SCHEDULED
laliga:football-data:564763,564763,football-data.org,2026-10-02T15:22:44.902937+00:00,2026-11-29T00:00:00+00:00,2026-11-28,07:00 PM ET,14,RCD Espanyol de Barcelona,Getafe CF,SCHEDULED
laliga:football-data:564764,564764,football-data.org,2026-10-02T15:22:44.902937+00:00,2026-11-29T00:00:00+00:00,2026-11-28,07:00 PM ET,14,Real Sociedad de Fútbol,Sevilla FC,SCHEDULED
laliga:football-data:564765,564765,football-data.org,2026-10-02T15:22:44.902937+00:00,2026-11-29T00:00:00+00:00,2026-11-28,07:00 PM ET,14,Levante UD,Real Racing Club de Santander,SCHEDULED
laliga:football-data:564766,564766,football-data.org,2026-10-02T15:22:44.902937+00:00,2026-11-29T00:00:00+00:00,2026-11-28,07:00 PM ET,14,RC Deportivo La Coruña,FC Barcelona,SCHEDULED
laliga:football-data:564767,564767,football-data.org,2026-10-02T15:22:44.902937+00:00,2026-11-29T00:00:00+00:00,2026-11-28,07:00 PM ET,14,Málaga CF,Athletic Club,SCHEDULED
laliga:football-data:564768,564768,football-data.org,2026-10-02T15:22:44.902937+00:00,2026-12-06T00:00:00+00:00,2026-12-05,07:00 PM ET,15,CA Osasuna,Elche CF,SCHEDULED
laliga:football-data:564769,564769,football-data.org,2026-10-02T15:22:44.902937+00:00,2026-12-06T00:00:00+00:00,2026-12-05,07:00 PM ET,15,Sevilla FC,Málaga CF,SCHEDULED
laliga:football-data:564770,564770,football-data.org,2026-10-02T15:22:44.902937+00:00,2026-12-06T00:00:00+00:00,2026-12-05,07:00 PM ET,15,Deportivo Alavés,RCD Espanyol de Barcelona,SCHEDULED
laliga:football-data:564771,564771,football-data.org,2026-10-02T15:22:44.902937+00:00,2026-12-06T00:00:00+00:00,2026-12-05,07:00 PM ET,15,Club Atlético de Madrid,Real Betis Balompié,SCHEDULED
laliga:football-data:564772,564772,football-data.org,2026-10-02T15:22:44.902937+00:00,2026-12-06T00:00:00+00:00,2026-12-05,07:00 PM ET,15,Real Racing Club de Santander,RC Deportivo La Coruña,SCHEDULED
laliga:football-data:564773,564773,football-data.org,2026-10-02T15:22:44.902937+00:00,2026-12-06T00:00:00+00:00,2026-12-05,07:00 PM ET,15,FC Barcelona,RC Celta de Vigo,SCHEDULED
laliga:football-data:564774,564774,football-data.org,2026-10-02T15:22:44.902937+00:00,2026-12-06T00:00:00+00:00,2026-12-05,07:00 PM ET,15,Getafe CF,Valencia CF,SCHEDULED
laliga:football-data:564775,564775,football-data.org,2026-10-02T15:22:44.902937+00:00,2026-12-06T00:00:00+00:00,2026-12-05,07:00 PM ET,15,Athletic Club,Real Madrid CF,SCHEDULED
laliga:football-data:564776,564776,football-data.org,2026-10-02T15:22:44.902937+00:00,2026-12-06T00:00:00+00:00,2026-12-05,07:00 PM ET,15,Villarreal CF,Real Sociedad de Fútbol,SCHEDULED
laliga:football-data:564777,564777,football-data.org,2026-10-02T15:22:44.902937+00:00,2026-12-06T00:00:00+00:00,2026-12-05,07:00 PM ET,15,Rayo Vallecano de Madrid,Levante UD,SCHEDULED
laliga:football-data:564778,564778,football-data.org,2026-10-02T15:22:44.902937+00:00,2026-12-13T00:00:00+00:00,2026-12-12,07:00 PM ET,16,RCD Espanyol de Barcelona,RC Celta de Vigo,SCHEDULED
laliga:football-data:564779,564779,football-data.org,2026-10-02T15:22:44.902937+00:00,2026-12-13T00:00:00+00:00,2026-12-12,07:00 PM ET,16,Málaga CF,FC Barcelona,SCHEDULED
laliga:football-data:564780,564780,football-data.org,2026-10-02T15:22:44.902937+00:00,2026-12-13T00:00:00+00:00,2026-12-12,07:00 PM ET,16,Real Madrid CF,CA Osasuna,SCHEDULED
laliga:football-data:564781,564781,football-data.org,2026-10-02T15:22:44.902937+00:00,2026-12-13T00:00:00+00:00,2026-12-12,07:00 PM ET,16,RC Deportivo La Coruña,Athletic Club,SCHEDULED
laliga:football-data:564782,564782,football-data.org,2026-10-02T15:22:44.902937+00:00,2026-12-13T00:00:00+00:00,2026-12-12,07:00 PM ET,16,Levante UD,Deportivo Alavés,SCHEDULED
laliga:football-data:564783,564783,football-data.org,2026-10-02T15:22:44.902937+00:00,2026-12-13T00:00:00+00:00,2026-12-12,07:00 PM ET,16,Elche CF,Sevilla FC,SCHEDULED
laliga:football-data:564784,564784,football-data.org,2026-10-02T15:22:44.902937+00:00,2026-12-13T00:00:00+00:00,2026-12-12,07:00 PM ET,16,Villarreal CF,Rayo Vallecano de Madrid,SCHEDULED
laliga:football-data:564785,564785,football-data.org,2026-10-02T15:22:44.902937+00:00,2026-12-13T00:00:00+00:00,2026-12-12,07:00 PM ET,16,Real Betis Balompié,Real Racing Club de Santander,SCHEDULED
laliga:football-data:564786,564786,football-data.org,2026-10-02T15:22:44.902937+00:00,2026-12-13T00:00:00+00:00,2026-12-12,07:00 PM ET,16,Real Sociedad de Fútbol,Getafe CF,SCHEDULED
laliga:football-data:564787,564787,football-data.org,2026-10-02T15:22:44.902937+00:00,2026-12-13T00:00:00+00:00,2026-12-12,07:00 PM ET,16,Club Atlético de Madrid,Valencia CF,SCHEDULED
laliga:football-data:564788,564788,football-data.org,2026-10-02T15:22:44.902937+00:00,2026-12-20T00:00:00+00:00,2026-12-19,07:00 PM ET,17,Athletic Club,Real Betis Balompié,SCHEDULED
laliga:football-data:564789,564789,football-data.org,2026-10-02T15:22:44.902937+00:00,2026-12-20T00:00:00+00:00,2026-12-19,07:00 PM ET,17,Getafe CF,Levante UD,SCHEDULED
laliga:football-data:564790,564790,football-data.org,2026-10-02T15:22:44.902937+00:00,2026-12-20T00:00:00+00:00,2026-12-19,07:00 PM ET,17,Deportivo Alavés,Elche CF,SCHEDULED
laliga:football-data:564791,564791,football-data.org,2026-10-02T15:22:44.902937+00:00,2026-12-20T00:00:00+00:00,2026-12-19,07:00 PM ET,17,Valencia CF,RCD Espanyol de Barcelona,SCHEDULED
laliga:football-data:564792,564792,football-data.org,2026-10-02T15:22:44.902937+00:00,2026-12-20T00:00:00+00:00,2026-12-19,07:00 PM ET,17,CA Osasuna,Villarreal CF,SCHEDULED
laliga:football-data:564793,564793,football-data.org,2026-10-02T15:22:44.902937+00:00,2026-12-20T00:00:00+00:00,2026-12-19,07:00 PM ET,17,FC Barcelona,Real Sociedad de Fútbol,SCHEDULED
laliga:football-data:564794,564794,football-data.org,2026-10-02T15:22:44.902937+00:00,2026-12-20T00:00:00+00:00,2026-12-19,07:00 PM ET,17,RC Celta de Vigo,Club Atlético de Madrid,SCHEDULED
laliga:football-data:564795,564795,football-data.org,2026-10-02T15:22:44.902937+00:00,2026-12-20T00:00:00+00:00,2026-12-19,07:00 PM ET,17,Rayo Vallecano de Madrid,Málaga CF,SCHEDULED
laliga:football-data:564796,564796,football-data.org,2026-10-02T15:22:44.902937+00:00,2026-12-20T00:00:00+00:00,2026-12-19,07:00 PM ET,17,RC Deportivo La Coruña,Real Madrid CF,SCHEDULED
laliga:football-data:564797,564797,football-data.org,2026-10-02T15:22:44.902937+00:00,2026-12-20T00:00:00+00:00,2026-12-19,07:00 PM ET,17,Sevilla FC,Real Racing Club de Santander,SCHEDULED
laliga:football-data:564798,564798,football-data.org,2026-10-02T15:22:44.902937+00:00,2027-01-03T00:00:00+00:00,2027-01-02,07:00 PM ET,18,Real Madrid CF,Getafe CF,SCHEDULED
laliga:football-data:564799,564799,football-data.org,2026-10-02T15:22:44.902937+00:00,2027-01-03T00:00:00+00:00,2027-01-02,07:00 PM ET,18,Real Sociedad de Fútbol,CA Osasuna,SCHEDULED
laliga:football-data:564800,564800,football-data.org,2026-10-02T15:22:44.902937+00:00,2027-01-03T00:00:00+00:00,2027-01-02,07:00 PM ET,18,Levante UD,Valencia CF,SCHEDULED
laliga:football-data:564801,564801,football-data.org,2026-10-02T15:22:44.902937+00:00,2027-01-03T00:00:00+00:00,2027-01-02,07:00 PM ET,18,Real Racing Club de Santander,Athletic Club,SCHEDULED
laliga:football-data:564802,564802,football-data.org,2026-10-02T15:22:44.902937+00:00,2027-01-03T00:00:00+00:00,2027-01-02,07:00 PM ET,18,Málaga CF,Elche CF,SCHEDULED
laliga:football-data:564803,564803,football-data.org,2026-10-02T15:22:44.902937+00:00,2027-01-03T00:00:00+00:00,2027-01-02,07:00 PM ET,18,Real Betis Balompié,Deportivo Alavés,SCHEDULED
laliga:football-data:564804,564804,football-data.org,2026-10-02T15:22:44.902937+00:00,2027-01-03T00:00:00+00:00,2027-01-02,07:00 PM ET,18,RC Celta de Vigo,RC Deportivo La Coruña,SCHEDULED
laliga:football-data:564805,564805,football-data.org,2026-10-02T15:22:44.902937+00:00,2027-01-03T00:00:00+00:00,2027-01-02,07:00 PM ET,18,RCD Espanyol de Barcelona,FC Barcelona,SCHEDULED
laliga:football-data:564806,564806,football-data.org,2026-10-02T15:22:44.902937+00:00,2027-01-03T00:00:00+00:00,2027-01-02,07:00 PM ET,18,Villarreal CF,Sevilla FC,SCHEDULED
laliga:football-data:564807,564807,football-data.org,2026-10-02T15:22:44.902937+00:00,2027-01-03T00:00:00+00:00,2027-01-02,07:00 PM ET,18,Rayo Vallecano de Madrid,Club Atlético de Madrid,SCHEDULED
laliga:football-data:564808,564808,football-data.org,2026-10-02T15:22:44.902937+00:00,2027-01-10T00:00:00+00:00,2027-01-09,07:00 PM ET,19,Athletic Club,Villarreal CF,SCHEDULED
laliga:football-data:564809,564809,football-data.org,2026-10-02T15:22:44.902937+00:00,2027-01-10T00:00:00+00:00,2027-01-09,07:00 PM ET,19,Elche CF,Getafe CF,SCHEDULED
laliga:football-data:564810,564810,football-data.org,2026-10-02T15:22:44.902937+00:00,2027-01-10T00:00:00+00:00,2027-01-09,07:00 PM ET,19,Real Madrid CF,Levante UD,SCHEDULED
laliga:football-data:564811,564811,football-data.org,2026-10-02T15:22:44.902937+00:00,2027-01-10T00:00:00+00:00,2027-01-09,07:00 PM ET,19,CA Osasuna,FC Barcelona,SCHEDULED
laliga:football-data:564812,564812,football-data.org,2026-10-02T15:22:44.902937+00:00,2027-01-10T00:00:00+00:00,2027-01-09,07:00 PM ET,19,RC Deportivo La Coruña,Rayo Vallecano de Madrid,SCHEDULED
laliga:football-data:564813,564813,football-data.org,2026-10-02T15:22:44.902937+00:00,2027-01-10T00:00:00+00:00,2027-01-09,07:00 PM ET,19,Club Atlético de Madrid,Real Racing Club de Santander,SCHEDULED
laliga:football-data:564814,564814,football-data.org,2026-10-02T15:22:44.902937+00:00,2027-01-10T00:00:00+00:00,2027-01-09,07:00 PM ET,19,Deportivo Alavés,Real Sociedad de Fútbol,SCHEDULED
laliga:football-data:564815,564815,football-data.org,2026-10-02T15:22:44.902937+00:00,2027-01-10T00:00:00+00:00,2027-01-09,07:00 PM ET,19,Sevilla FC,RC Celta de Vigo,SCHEDULED
laliga:football-data:564816,564816,football-data.org,2026-10-02T15:22:44.902937+00:00,2027-01-10T00:00:00+00:00,2027-01-09,07:00 PM ET,19,RCD Espanyol de Barcelona,Real Betis Balompié,SCHEDULED
laliga:football-data:564817,564817,football-data.org,2026-10-02T15:22:44.902937+00:00,2027-01-10T00:00:00+00:00,2027-01-09,07:00 PM ET,19,Valencia CF,Málaga CF,SCHEDULED
laliga:football-data:564818,564818,football-data.org,2026-10-02T15:22:44.902937+00:00,2027-01-17T00:00:00+00:00,2027-01-16,07:00 PM ET,20,Málaga CF,Real Madrid CF,SCHEDULED
laliga:football-data:564819,564819,football-data.org,2026-10-02T15:22:44.902937+00:00,2027-01-17T00:00:00+00:00,2027-01-16,07:00 PM ET,20,FC Barcelona,Elche CF,SCHEDULED
laliga:football-data:564820,564820,football-data.org,2026-10-02T15:22:44.902937+00:00,2027-01-17T00:00:00+00:00,2027-01-16,07:00 PM ET,20,Villarreal CF,Deportivo Alavés,SCHEDULED
laliga:football-data:564821,564821,football-data.org,2026-10-02T15:22:44.902937+00:00,2027-01-17T00:00:00+00:00,2027-01-16,07:00 PM ET,20,Real Racing Club de Santander,CA Osasuna,SCHEDULED
laliga:football-data:564822,564822,football-data.org,2026-10-02T15:22:44.902937+00:00,2027-01-17T00:00:00+00:00,2027-01-16,07:00 PM ET,20,Levante UD,RCD Espanyol de Barcelona,SCHEDULED
laliga:football-data:564823,564823,football-data.org,2026-10-02T15:22:44.902937+00:00,2027-01-17T00:00:00+00:00,2027-01-16,07:00 PM ET,20,RC Celta de Vigo,Valencia CF,SCHEDULED
laliga:football-data:564824,564824,football-data.org,2026-10-02T15:22:44.902937+00:00,2027-01-17T00:00:00+00:00,2027-01-16,07:00 PM ET,20,Getafe CF,Athletic Club,SCHEDULED
laliga:football-data:564825,564825,football-data.org,2026-10-02T15:22:44.902937+00:00,2027-01-17T00:00:00+00:00,2027-01-16,07:00 PM ET,20,Rayo Vallecano de Madrid,Sevilla FC,SCHEDULED
laliga:football-data:564826,564826,football-data.org,2026-10-02T15:22:44.902937+00:00,2027-01-17T00:00:00+00:00,2027-01-16,07:00 PM ET,20,Real Betis Balompié,RC Deportivo La Coruña,SCHEDULED
laliga:football-data:564827,564827,football-data.org,2026-10-02T15:22:44.902937+00:00,2027-01-17T00:00:00+00:00,2027-01-16,07:00 PM ET,20,Club Atlético de Madrid,Real Sociedad de Fútbol,SCHEDULED
laliga:football-data:564828,564828,football-data.org,2026-10-02T15:22:44.902937+00:00,2027-01-24T00:00:00+00:00,2027-01-23,07:00 PM ET,21,Real Madrid CF,Real Betis Balompié,SCHEDULED
laliga:football-data:564829,564829,football-data.org,2026-10-02T15:22:44.902937+00:00,2027-01-24T00:00:00+00:00,2027-01-23,07:00 PM ET,21,Getafe CF,CA Osasuna,SCHEDULED
laliga:football-data:564830,564830,football-data.org,2026-10-02T15:22:44.902937+00:00,2027-01-24T00:00:00+00:00,2027-01-23,07:00 PM ET,21,Valencia CF,Sevilla FC,SCHEDULED
laliga:football-data:564831,564831,football-data.org,2026-10-02T15:22:44.902937+00:00,2027-01-24T00:00:00+00:00,2027-01-23,07:00 PM ET,21,Elche CF,Rayo Vallecano de Madrid,SCHEDULED
laliga:football-data:564832,564832,football-data.org,2026-10-02T15:22:44.902937+00:00,2027-01-24T00:00:00+00:00,2027-01-23,07:00 PM ET,21,Deportivo Alavés,FC Barcelona,SCHEDULED
laliga:football-data:564833,564833,football-data.org,2026-10-02T15:22:44.902937+00:00,2027-01-24T00:00:00+00:00,2027-01-23,07:00 PM ET,21,Real Sociedad de Fútbol,Málaga CF,SCHEDULED
laliga:football-data:564834,564834,football-data.org,2026-10-02T15:22:44.902937+00:00,2027-01-24T00:00:00+00:00,2027-01-23,07:00 PM ET,21,Real Racing Club de Santander,RC Celta de Vigo,SCHEDULED
laliga:football-data:564835,564835,football-data.org,2026-10-02T15:22:44.902937+00:00,2027-01-24T00:00:00+00:00,2027-01-23,07:00 PM ET,21,Athletic Club,Levante UD,SCHEDULED
laliga:football-data:564836,564836,football-data.org,2026-10-02T15:22:44.902937+00:00,2027-01-24T00:00:00+00:00,2027-01-23,07:00 PM ET,21,RCD Espanyol de Barcelona,Villarreal CF,SCHEDULED
laliga:football-data:564837,564837,football-data.org,2026-10-02T15:22:44.902937+00:00,2027-01-24T00:00:00+00:00,2027-01-23,07:00 PM ET,21,RC Deportivo La Coruña,Club Atlético de Madrid,SCHEDULED
laliga:football-data:564838,564838,football-data.org,2026-10-02T15:22:44.902937+00:00,2027-01-31T00:00:00+00:00,2027-01-30,07:00 PM ET,22,Real Betis Balompié,Elche CF,SCHEDULED
laliga:football-data:564839,564839,football-data.org,2026-10-02T15:22:44.902937+00:00,2027-01-31T00:00:00+00:00,2027-01-30,07:00 PM ET,22,Rayo Vallecano de Madrid,Real Madrid CF,SCHEDULED
laliga:football-data:564840,564840,football-data.org,2026-10-02T15:22:44.902937+00:00,2027-01-31T00:00:00+00:00,2027-01-30,07:00 PM ET,22,Club Atlético de Madrid,RCD Espanyol de Barcelona,SCHEDULED
laliga:football-data:564841,564841,football-data.org,2026-10-02T15:22:44.902937+00:00,2027-01-31T00:00:00+00:00,2027-01-30,07:00 PM ET,22,RC Celta de Vigo,Getafe CF,SCHEDULED
laliga:football-data:564842,564842,football-data.org,2026-10-02T15:22:44.902937+00:00,2027-01-31T00:00:00+00:00,2027-01-30,07:00 PM ET,22,Villarreal CF,Real Racing Club de Santander,SCHEDULED
laliga:football-data:564843,564843,football-data.org,2026-10-02T15:22:44.902937+00:00,2027-01-31T00:00:00+00:00,2027-01-30,07:00 PM ET,22,Levante UD,Real Sociedad de Fútbol,SCHEDULED
laliga:football-data:564844,564844,football-data.org,2026-10-02T15:22:44.902937+00:00,2027-01-31T00:00:00+00:00,2027-01-30,07:00 PM ET,22,FC Barcelona,Valencia CF,SCHEDULED
laliga:football-data:564845,564845,football-data.org,2026-10-02T15:22:44.902937+00:00,2027-01-31T00:00:00+00:00,2027-01-30,07:00 PM ET,22,Sevilla FC,Athletic Club,SCHEDULED
laliga:football-data:564846,564846,football-data.org,2026-10-02T15:22:44.902937+00:00,2027-01-31T00:00:00+00:00,2027-01-30,07:00 PM ET,22,CA Osasuna,RC Deportivo La Coruña,SCHEDULED
laliga:football-data:564847,564847,football-data.org,2026-10-02T15:22:44.902937+00:00,2027-01-31T00:00:00+00:00,2027-01-30,07:00 PM ET,22,Málaga CF,Deportivo Alavés,SCHEDULED
laliga:football-data:564848,564848,football-data.org,2026-10-02T15:22:44.902937+00:00,2027-02-07T00:00:00+00:00,2027-02-06,07:00 PM ET,23,Athletic Club,CA Osasuna,SCHEDULED
laliga:football-data:564849,564849,football-data.org,2026-10-02T15:22:44.902937+00:00,2027-02-07T00:00:00+00:00,2027-02-06,07:00 PM ET,23,Deportivo Alavés,RC Celta de Vigo,SCHEDULED
laliga:football-data:564850,564850,football-data.org,2026-10-02T15:22:44.902937+00:00,2027-02-07T00:00:00+00:00,2027-02-06,07:00 PM ET,23,Real Betis Balompié,Sevilla FC,SCHEDULED
laliga:football-data:564851,564851,football-data.org,2026-10-02T15:22:44.902937+00:00,2027-02-07T00:00:00+00:00,2027-02-06,07:00 PM ET,23,Elche CF,Levante UD,SCHEDULED
laliga:football-data:564852,564852,football-data.org,2026-10-02T15:22:44.902937+00:00,2027-02-07T00:00:00+00:00,2027-02-06,07:00 PM ET,23,RCD Espanyol de Barcelona,Rayo Vallecano de Madrid,SCHEDULED
laliga:football-data:564853,564853,football-data.org,2026-10-02T15:22:44.902937+00:00,2027-02-07T00:00:00+00:00,2027-02-06,07:00 PM ET,23,Getafe CF,Villarreal CF,SCHEDULED
laliga:football-data:564854,564854,football-data.org,2026-10-02T15:22:44.902937+00:00,2027-02-07T00:00:00+00:00,2027-02-06,07:00 PM ET,23,RC Deportivo La Coruña,Málaga CF,SCHEDULED
laliga:football-data:564855,564855,football-data.org,2026-10-02T15:22:44.902937+00:00,2027-02-07T00:00:00+00:00,2027-02-06,07:00 PM ET,23,Real Sociedad de Fútbol,Real Madrid CF,SCHEDULED
laliga:football-data:564856,564856,football-data.org,2026-10-02T15:22:44.902937+00:00,2027-02-07T00:00:00+00:00,2027-02-06,07:00 PM ET,23,Valencia CF,Real Racing Club de Santander,SCHEDULED
laliga:football-data:564857,564857,football-data.org,2026-10-02T15:22:44.902937+00:00,2027-02-07T00:00:00+00:00,2027-02-06,07:00 PM ET,23,FC Barcelona,Club Atlético de Madrid,SCHEDULED
laliga:football-data:564858,564858,football-data.org,2026-10-02T15:22:44.902937+00:00,2027-02-14T00:00:00+00:00,2027-02-13,07:00 PM ET,24,Sevilla FC,RCD Espanyol de Barcelona,SCHEDULED
laliga:football-data:564859,564859,football-data.org,2026-10-02T15:22:44.902937+00:00,2027-02-14T00:00:00+00:00,2027-02-13,07:00 PM ET,24,CA Osasuna,Club Atlético de Madrid,SCHEDULED
laliga:football-data:564860,564860,football-data.org,2026-10-02T15:22:44.902937+00:00,2027-02-14T00:00:00+00:00,2027-02-13,07:00 PM ET,24,RC Celta de Vigo,Rayo Vallecano de Madrid,SCHEDULED
laliga:football-data:564861,564861,football-data.org,2026-10-02T15:22:44.902937+00:00,2027-02-14T00:00:00+00:00,2027-02-13,07:00 PM ET,24,Villarreal CF,FC Barcelona,SCHEDULED
laliga:football-data:564862,564862,football-data.org,2026-10-02T15:22:44.902937+00:00,2027-02-14T00:00:00+00:00,2027-02-13,07:00 PM ET,24,Real Sociedad de Fútbol,Real Betis Balompié,SCHEDULED
laliga:football-data:564863,564863,football-data.org,2026-10-02T15:22:44.902937+00:00,2027-02-14T00:00:00+00:00,2027-02-13,07:00 PM ET,24,Elche CF,RC Deportivo La Coruña,SCHEDULED
laliga:football-data:564864,564864,football-data.org,2026-10-02T15:22:44.902937+00:00,2027-02-14T00:00:00+00:00,2027-02-13,07:00 PM ET,24,Valencia CF,Deportivo Alavés,SCHEDULED
laliga:football-data:564865,564865,football-data.org,2026-10-02T15:22:44.902937+00:00,2027-02-14T00:00:00+00:00,2027-02-13,07:00 PM ET,24,Levante UD,Málaga CF,SCHEDULED
laliga:football-data:564866,564866,football-data.org,2026-10-02T15:22:44.902937+00:00,2027-02-14T00:00:00+00:00,2027-02-13,07:00 PM ET,24,Real Racing Club de Santander,Getafe CF,SCHEDULED
laliga:football-data:564867,564867,football-data.org,2026-10-02T15:22:44.902937+00:00,2027-02-14T00:00:00+00:00,2027-02-13,07:00 PM ET,24,Real Madrid CF,Athletic Club,SCHEDULED
laliga:football-data:564868,564868,football-data.org,2026-10-02T15:22:44.902937+00:00,2027-02-21T00:00:00+00:00,2027-02-20,07:00 PM ET,25,Deportivo Alavés,Real Racing Club de Santander,SCHEDULED
laliga:football-data:564869,564869,football-data.org,2026-10-02T15:22:44.902937+00:00,2027-02-21T00:00:00+00:00,2027-02-20,07:00 PM ET,25,Málaga CF,Real Betis Balompié,SCHEDULED
laliga:football-data:564870,564870,football-data.org,2026-10-02T15:22:44.902937+00:00,2027-02-21T00:00:00+00:00,2027-02-20,07:00 PM ET,25,Villarreal CF,Valencia CF,SCHEDULED
laliga:football-data:564871,564871,football-data.org,2026-10-02T15:22:44.902937+00:00,2027-02-21T00:00:00+00:00,2027-02-20,07:00 PM ET,25,FC Barcelona,Levante UD,SCHEDULED
laliga:football-data:564872,564872,football-data.org,2026-10-02T15:22:44.902937+00:00,2027-02-21T00:00:00+00:00,2027-02-20,07:00 PM ET,25,Athletic Club,RC Celta de Vigo,SCHEDULED
laliga:football-data:564873,564873,football-data.org,2026-10-02T15:22:44.902937+00:00,2027-02-21T00:00:00+00:00,2027-02-20,07:00 PM ET,25,RCD Espanyol de Barcelona,CA Osasuna,SCHEDULED
laliga:football-data:564874,564874,football-data.org,2026-10-02T15:22:44.902937+00:00,2027-02-21T00:00:00+00:00,2027-02-20,07:00 PM ET,25,Sevilla FC,Real Madrid CF,SCHEDULED
laliga:football-data:564875,564875,football-data.org,2026-10-02T15:22:44.902937+00:00,2027-02-21T00:00:00+00:00,2027-02-20,07:00 PM ET,25,Club Atlético de Madrid,Elche CF,SCHEDULED
laliga:football-data:564876,564876,football-data.org,2026-10-02T15:22:44.902937+00:00,2027-02-21T00:00:00+00:00,2027-02-20,07:00 PM ET,25,RC Deportivo La Coruña,Real Sociedad de Fútbol,SCHEDULED
laliga:football-data:564877,564877,football-data.org,2026-10-02T15:22:44.902937+00:00,2027-02-21T00:00:00+00:00,2027-02-20,07:00 PM ET,25,Rayo Vallecano de Madrid,Getafe CF,SCHEDULED
laliga:football-data:564878,564878,football-data.org,2026-10-02T15:22:44.902937+00:00,2027-02-28T00:00:00+00:00,2027-02-27,07:00 PM ET,26,RC Celta de Vigo,RCD Espanyol de Barcelona,SCHEDULED
laliga:football-data:564879,564879,football-data.org,2026-10-02T15:22:44.902937+00:00,2027-02-28T00:00:00+00:00,2027-02-27,07:00 PM ET,26,Levante UD,RC Deportivo La Coruña,SCHEDULED
laliga:football-data:564880,564880,football-data.org,2026-10-02T15:22:44.902937+00:00,2027-02-28T00:00:00+00:00,2027-02-27,07:00 PM ET,26,Málaga CF,Club Atlético de Madrid,SCHEDULED
laliga:football-data:564881,564881,football-data.org,2026-10-02T15:22:44.902937+00:00,2027-02-28T00:00:00+00:00,2027-02-27,07:00 PM ET,26,CA Osasuna,Sevilla FC,SCHEDULED
laliga:football-data:564882,564882,football-data.org,2026-10-02T15:22:44.902937+00:00,2027-02-28T00:00:00+00:00,2027-02-27,07:00 PM ET,26,Real Madrid CF,Valencia CF,SCHEDULED
laliga:football-data:564883,564883,football-data.org,2026-10-02T15:22:44.902937+00:00,2027-02-28T00:00:00+00:00,2027-02-27,07:00 PM ET,26,Getafe CF,Deportivo Alavés,SCHEDULED
laliga:football-data:564884,564884,football-data.org,2026-10-02T15:22:44.902937+00:00,2027-02-28T00:00:00+00:00,2027-02-27,07:00 PM ET,26,Athletic Club,FC Barcelona,SCHEDULED
laliga:football-data:564885,564885,football-data.org,2026-10-02T15:22:44.902937+00:00,2027-02-28T00:00:00+00:00,2027-02-27,07:00 PM ET,26,Real Racing Club de Santander,Rayo Vallecano de Madrid,SCHEDULED
laliga:football-data:564886,564886,football-data.org,2026-10-02T15:22:44.902937+00:00,2027-02-28T00:00:00+00:00,2027-02-27,07:00 PM ET,26,Real Betis Balompié,Villarreal CF,SCHEDULED
laliga:football-data:564887,564887,football-data.org,2026-10-02T15:22:44.902937+00:00,2027-02-28T00:00:00+00:00,2027-02-27,07:00 PM ET,26,Real Sociedad de Fútbol,Elche CF,SCHEDULED
laliga:football-data:564888,564888,football-data.org,2026-10-02T15:22:44.902937+00:00,2027-03-07T00:00:00+00:00,2027-03-06,07:00 PM ET,27,FC Barcelona,Real Betis Balompié,SCHEDULED
laliga:football-data:564889,564889,football-data.org,2026-10-02T15:22:44.902937+00:00,2027-03-07T00:00:00+00:00,2027-03-06,07:00 PM ET,27,Elche CF,Málaga CF,SCHEDULED
laliga:football-data:564890,564890,football-data.org,2026-10-02T15:22:44.902937+00:00,2027-03-07T00:00:00+00:00,2027-03-06,07:00 PM ET,27,Deportivo Alavés,Athletic Club,SCHEDULED
laliga:football-data:564891,564891,football-data.org,2026-10-02T15:22:44.902937+00:00,2027-03-07T00:00:00+00:00,2027-03-06,07:00 PM ET,27,Rayo Vallecano de Madrid,CA Osasuna,SCHEDULED
laliga:football-data:564892,564892,football-data.org,2026-10-02T15:22:44.902937+00:00,2027-03-07T00:00:00+00:00,2027-03-06,07:00 PM ET,27,Sevilla FC,Real Sociedad de Fútbol,SCHEDULED
laliga:football-data:564893,564893,football-data.org,2026-10-02T15:22:44.902937+00:00,2027-03-07T00:00:00+00:00,2027-03-06,07:00 PM ET,27,Club Atlético de Madrid,RC Celta de Vigo,SCHEDULED
laliga:football-data:564894,564894,football-data.org,2026-10-02T15:22:44.902937+00:00,2027-03-07T00:00:00+00:00,2027-03-06,07:00 PM ET,27,Villarreal CF,Real Madrid CF,SCHEDULED
laliga:football-data:564895,564895,football-data.org,2026-10-02T15:22:44.902937+00:00,2027-03-07T00:00:00+00:00,2027-03-06,07:00 PM ET,27,Valencia CF,Levante UD,SCHEDULED
laliga:football-data:564896,564896,football-data.org,2026-10-02T15:22:44.902937+00:00,2027-03-07T00:00:00+00:00,2027-03-06,07:00 PM ET,27,RC Deportivo La Coruña,Getafe CF,SCHEDULED
laliga:football-data:564897,564897,football-data.org,2026-10-02T15:22:44.902937+00:00,2027-03-07T00:00:00+00:00,2027-03-06,07:00 PM ET,27,RCD Espanyol de Barcelona,Real Racing Club de Santander,SCHEDULED
laliga:football-data:564898,564898,football-data.org,2026-10-02T15:22:44.902937+00:00,2027-03-14T00:00:00+00:00,2027-03-13,07:00 PM ET,28,CA Osasuna,RC Celta de Vigo,SCHEDULED
laliga:football-data:564899,564899,football-data.org,2026-10-02T15:22:44.902937+00:00,2027-03-14T00:00:00+00:00,2027-03-13,07:00 PM ET,28,Elche CF,Villarreal CF,SCHEDULED
laliga:football-data:564900,564900,football-data.org,2026-10-02T15:22:44.902937+00:00,2027-03-14T00:00:00+00:00,2027-03-13,07:00 PM ET,28,Deportivo Alavés,Sevilla FC,SCHEDULED
laliga:football-data:564901,564901,football-data.org,2026-10-02T15:22:44.902937+00:00,2027-03-14T00:00:00+00:00,2027-03-13,07:00 PM ET,28,Athletic Club,Valencia CF,SCHEDULED
laliga:football-data:564902,564902,football-data.org,2026-10-02T15:22:44.902937+00:00,2027-03-14T00:00:00+00:00,2027-03-13,07:00 PM ET,28,Real Betis Balompié,Levante UD,SCHEDULED
laliga:football-data:564903,564903,football-data.org,2026-10-02T15:22:44.902937+00:00,2027-03-14T00:00:00+00:00,2027-03-13,07:00 PM ET,28,Real Racing Club de Santander,Club Atlético de Madrid,SCHEDULED
laliga:football-data:564904,564904,football-data.org,2026-10-02T15:22:44.902937+00:00,2027-03-14T00:00:00+00:00,2027-03-13,07:00 PM ET,28,Málaga CF,Rayo Vallecano de Madrid,SCHEDULED
laliga:football-data:564905,564905,football-data.org,2026-10-02T15:22:44.902937+00:00,2027-03-14T00:00:00+00:00,2027-03-13,07:00 PM ET,28,Getafe CF,Real Sociedad de Fútbol,SCHEDULED
laliga:football-data:564906,564906,football-data.org,2026-10-02T15:22:44.902937+00:00,2027-03-14T00:00:00+00:00,2027-03-13,07:00 PM ET,28,FC Barcelona,RC Deportivo La Coruña,SCHEDULED
laliga:football-data:564907,564907,football-data.org,2026-10-02T15:22:44.902937+00:00,2027-03-14T00:00:00+00:00,2027-03-13,07:00 PM ET,28,Real Madrid CF,RCD Espanyol de Barcelona,SCHEDULED
laliga:football-data:564908,564908,football-data.org,2026-10-02T15:22:44.902937+00:00,2027-03-21T00:00:00+00:00,2027-03-20,08:00 PM ET,29,Villarreal CF,Málaga CF,SCHEDULED
laliga:football-data:564909,564909,football-data.org,2026-10-02T15:22:44.902937+00:00,2027-03-21T00:00:00+00:00,2027-03-20,08:00 PM ET,29,Sevilla FC,Elche CF,SCHEDULED
laliga:football-data:564910,564910,football-data.org,2026-10-02T15:22:44.902937+00:00,2027-03-21T00:00:00+00:00,2027-03-20,08:00 PM ET,29,Levante UD,CA Osasuna,SCHEDULED
laliga:football-data:564911,564911,football-data.org,2026-10-02T15:22:44.902937+00:00,2027-03-21T00:00:00+00:00,2027-03-20,08:00 PM ET,29,RC Celta de Vigo,Real Madrid CF,SCHEDULED
laliga:football-data:564912,564912,football-data.org,2026-10-02T15:22:44.902937+00:00,2027-03-21T00:00:00+00:00,2027-03-20,08:00 PM ET,29,Rayo Vallecano de Madrid,FC Barcelona,SCHEDULED
laliga:football-data:564913,564913,football-data.org,2026-10-02T15:22:44.902937+00:00,2027-03-21T00:00:00+00:00,2027-03-20,08:00 PM ET,29,Real Sociedad de Fútbol,Deportivo Alavés,SCHEDULED
laliga:football-data:564914,564914,football-data.org,2026-10-02T15:22:44.902937+00:00,2027-03-21T00:00:00+00:00,2027-03-20,08:00 PM ET,29,RCD Espanyol de Barcelona,Athletic Club,SCHEDULED
laliga:football-data:564915,564915,football-data.org,2026-10-02T15:22:44.902937+00:00,2027-03-21T00:00:00+00:00,2027-03-20,08:00 PM ET,29,Real Racing Club de Santander,Real Betis Balompié,SCHEDULED
laliga:football-data:564916,564916,football-data.org,2026-10-02T15:22:44.902937+00:00,2027-03-21T00:00:00+00:00,2027-03-20,08:00 PM ET,29,Valencia CF,RC Deportivo La Coruña,SCHEDULED
laliga:football-data:564917,564917,football-data.org,2026-10-02T15:22:44.902937+00:00,2027-03-21T00:00:00+00:00,2027-03-20,08:00 PM ET,29,Club Atlético de Madrid,Getafe CF,SCHEDULED
laliga:football-data:564918,564918,football-data.org,2026-10-02T15:22:44.902937+00:00,2027-04-04T00:00:00+00:00,2027-04-03,08:00 PM ET,30,Levante UD,Rayo Vallecano de Madrid,SCHEDULED
laliga:football-data:564919,564919,football-data.org,2026-10-02T15:22:44.902937+00:00,2027-04-04T00:00:00+00:00,2027-04-03,08:00 PM ET,30,FC Barcelona,Sevilla FC,SCHEDULED
laliga:football-data:564920,564920,football-data.org,2026-10-02T15:22:44.902937+00:00,2027-04-04T00:00:00+00:00,2027-04-03,08:00 PM ET,30,Málaga CF,CA Osasuna,SCHEDULED
laliga:football-data:564921,564921,football-data.org,2026-10-02T15:22:44.902937+00:00,2027-04-04T00:00:00+00:00,2027-04-03,08:00 PM ET,30,Athletic Club,Real Racing Club de Santander,SCHEDULED
laliga:football-data:564922,564922,football-data.org,2026-10-02T15:22:44.902937+00:00,2027-04-04T00:00:00+00:00,2027-04-03,08:00 PM ET,30,RC Deportivo La Coruña,Villarreal CF,SCHEDULED
laliga:football-data:564923,564923,football-data.org,2026-10-02T15:22:44.902937+00:00,2027-04-04T00:00:00+00:00,2027-04-03,08:00 PM ET,30,Real Sociedad de Fútbol,Valencia CF,SCHEDULED
laliga:football-data:564924,564924,football-data.org,2026-10-02T15:22:44.902937+00:00,2027-04-04T00:00:00+00:00,2027-04-03,08:00 PM ET,30,Elche CF,Deportivo Alavés,SCHEDULED
laliga:football-data:564925,564925,football-data.org,2026-10-02T15:22:44.902937+00:00,2027-04-04T00:00:00+00:00,2027-04-03,08:00 PM ET,30,Real Madrid CF,Club Atlético de Madrid,SCHEDULED
laliga:football-data:564926,564926,football-data.org,2026-10-02T15:22:44.902937+00:00,2027-04-04T00:00:00+00:00,2027-04-03,08:00 PM ET,30,Getafe CF,RCD Espanyol de Barcelona,SCHEDULED
laliga:football-data:564927,564927,football-data.org,2026-10-02T15:22:44.902937+00:00,2027-04-04T00:00:00+00:00,2027-04-03,08:00 PM ET,30,Real Betis Balompié,RC Celta de Vigo,SCHEDULED
laliga:football-data:564928,564928,football-data.org,2026-10-02T15:22:44.902937+00:00,2027-04-11T00:00:00+00:00,2027-04-10,08:00 PM ET,31,Rayo Vallecano de Madrid,Real Sociedad de Fútbol,SCHEDULED
laliga:football-data:564929,564929,football-data.org,2026-10-02T15:22:44.902937+00:00,2027-04-11T00:00:00+00:00,2027-04-10,08:00 PM ET,31,RCD Espanyol de Barcelona,Málaga CF,SCHEDULED
laliga:football-data:564930,564930,football-data.org,2026-10-02T15:22:44.902937+00:00,2027-04-11T00:00:00+00:00,2027-04-10,08:00 PM ET,31,Villarreal CF,Athletic Club,SCHEDULED
laliga:football-data:564931,564931,football-data.org,2026-10-02T15:22:44.902937+00:00,2027-04-11T00:00:00+00:00,2027-04-10,08:00 PM ET,31,Deportivo Alavés,Real Betis Balompié,SCHEDULED
laliga:football-data:564932,564932,football-data.org,2026-10-02T15:22:44.902937+00:00,2027-04-11T00:00:00+00:00,2027-04-10,08:00 PM ET,31,Valencia CF,Getafe CF,SCHEDULED
laliga:football-data:564933,564933,football-data.org,2026-10-02T15:22:44.902937+00:00,2027-04-11T00:00:00+00:00,2027-04-10,08:00 PM ET,31,Sevilla FC,RC Deportivo La Coruña,SCHEDULED
laliga:football-data:564934,564934,football-data.org,2026-10-02T15:22:44.902937+00:00,2027-04-11T00:00:00+00:00,2027-04-10,08:00 PM ET,31,RC Celta de Vigo,Elche CF,SCHEDULED
laliga:football-data:564935,564935,football-data.org,2026-10-02T15:22:44.902937+00:00,2027-04-11T00:00:00+00:00,2027-04-10,08:00 PM ET,31,Real Racing Club de Santander,FC Barcelona,SCHEDULED
laliga:football-data:564936,564936,football-data.org,2026-10-02T15:22:44.902937+00:00,2027-04-11T00:00:00+00:00,2027-04-10,08:00 PM ET,31,CA Osasuna,Real Madrid CF,SCHEDULED
laliga:football-data:564937,564937,football-data.org,2026-10-02T15:22:44.902937+00:00,2027-04-11T00:00:00+00:00,2027-04-10,08:00 PM ET,31,Club Atlético de Madrid,Levante UD,SCHEDULED
laliga:football-data:564938,564938,football-data.org,2026-10-02T15:22:44.902937+00:00,2027-04-18T00:00:00+00:00,2027-04-17,08:00 PM ET,32,Club Atlético de Madrid,Sevilla FC,SCHEDULED
laliga:football-data:564939,564939,football-data.org,2026-10-02T15:22:44.902937+00:00,2027-04-18T00:00:00+00:00,2027-04-17,08:00 PM ET,32,FC Barcelona,RCD Espanyol de Barcelona,SCHEDULED
laliga:football-data:564940,564940,football-data.org,2026-10-02T15:22:44.902937+00:00,2027-04-18T00:00:00+00:00,2027-04-17,08:00 PM ET,32,Levante UD,Villarreal CF,SCHEDULED
laliga:football-data:564941,564941,football-data.org,2026-10-02T15:22:44.902937+00:00,2027-04-18T00:00:00+00:00,2027-04-17,08:00 PM ET,32,Real Sociedad de Fútbol,Real Racing Club de Santander,SCHEDULED
laliga:football-data:564942,564942,football-data.org,2026-10-02T15:22:44.902937+00:00,2027-04-18T00:00:00+00:00,2027-04-17,08:00 PM ET,32,Málaga CF,Valencia CF,SCHEDULED
laliga:football-data:564943,564943,football-data.org,2026-10-02T15:22:44.902937+00:00,2027-04-18T00:00:00+00:00,2027-04-17,08:00 PM ET,32,RC Deportivo La Coruña,RC Celta de Vigo,SCHEDULED
laliga:football-data:564944,564944,football-data.org,2026-10-02T15:22:44.902937+00:00,2027-04-18T00:00:00+00:00,2027-04-17,08:00 PM ET,32,Elche CF,CA Osasuna,SCHEDULED
laliga:football-data:564945,564945,football-data.org,2026-10-02T15:22:44.902937+00:00,2027-04-18T00:00:00+00:00,2027-04-17,08:00 PM ET,32,Deportivo Alavés,Rayo Vallecano de Madrid,SCHEDULED
laliga:football-data:564946,564946,football-data.org,2026-10-02T15:22:44.902937+00:00,2027-04-18T00:00:00+00:00,2027-04-17,08:00 PM ET,32,Real Betis Balompié,Athletic Club,SCHEDULED
laliga:football-data:564947,564947,football-data.org,2026-10-02T15:22:44.902937+00:00,2027-04-18T00:00:00+00:00,2027-04-17,08:00 PM ET,32,Getafe CF,Real Madrid CF,SCHEDULED
laliga:football-data:564948,564948,football-data.org,2026-10-02T15:22:44.902937+00:00,2027-04-21T00:00:00+00:00,2027-04-20,08:00 PM ET,33,Getafe CF,Real Betis Balompié,SCHEDULED
laliga:football-data:564949,564949,football-data.org,2026-10-02T15:22:44.902937+00:00,2027-04-21T00:00:00+00:00,2027-04-20,08:00 PM ET,33,Valencia CF,Rayo Vallecano de Madrid,SCHEDULED
laliga:football-data:564950,564950,football-data.org,2026-10-02T15:22:44.902937+00:00,2027-04-21T00:00:00+00:00,2027-04-20,08:00 PM ET,33,RC Celta de Vigo,FC Barcelona,SCHEDULED
laliga:football-data:564951,564951,football-data.org,2026-10-02T15:22:44.902937+00:00,2027-04-21T00:00:00+00:00,2027-04-20,08:00 PM ET,33,CA Osasuna,Deportivo Alavés,SCHEDULED
laliga:football-data:564952,564952,football-data.org,2026-10-02T15:22:44.902937+00:00,2027-04-21T00:00:00+00:00,2027-04-20,08:00 PM ET,33,Real Madrid CF,Elche CF,SCHEDULED
laliga:football-data:564953,564953,football-data.org,2026-10-02T15:22:44.902937+00:00,2027-04-21T00:00:00+00:00,2027-04-20,08:00 PM ET,33,Athletic Club,RC Deportivo La Coruña,SCHEDULED
laliga:football-data:564954,564954,football-data.org,2026-10-02T15:22:44.902937+00:00,2027-04-21T00:00:00+00:00,2027-04-20,08:00 PM ET,33,Real Racing Club de Santander,Málaga CF,SCHEDULED
laliga:football-data:564955,564955,football-data.org,2026-10-02T15:22:44.902937+00:00,2027-04-21T00:00:00+00:00,2027-04-20,08:00 PM ET,33,Villarreal CF,Club Atlético de Madrid,SCHEDULED
laliga:football-data:564956,564956,football-data.org,2026-10-02T15:22:44.902937+00:00,2027-04-21T00:00:00+00:00,2027-04-20,08:00 PM ET,33,Sevilla FC,Levante UD,SCHEDULED
laliga:football-data:564957,564957,football-data.org,2026-10-02T15:22:44.902937+00:00,2027-04-21T00:00:00+00:00,2027-04-20,08:00 PM ET,33,RCD Espanyol de Barcelona,Real Sociedad de Fútbol,SCHEDULED
laliga:football-data:564958,564958,football-data.org,2026-10-02T15:22:44.902937+00:00,2027-05-02T00:00:00+00:00,2027-05-01,08:00 PM ET,34,RC Deportivo La Coruña,Real Racing Club de Santander,SCHEDULED
laliga:football-data:564959,564959,football-data.org,2026-10-02T15:22:44.902937+00:00,2027-05-02T00:00:00+00:00,2027-05-01,08:00 PM ET,34,RC Celta de Vigo,Sevilla FC,SCHEDULED
laliga:football-data:564960,564960,football-data.org,2026-10-02T15:22:44.902937+00:00,2027-05-02T00:00:00+00:00,2027-05-01,08:00 PM ET,34,Real Sociedad de Fútbol,Athletic Club,SCHEDULED
laliga:football-data:564961,564961,football-data.org,2026-10-02T15:22:44.902937+00:00,2027-05-02T00:00:00+00:00,2027-05-01,08:00 PM ET,34,FC Barcelona,CA Osasuna,SCHEDULED
laliga:football-data:564962,564962,football-data.org,2026-10-02T15:22:44.902937+00:00,2027-05-02T00:00:00+00:00,2027-05-01,08:00 PM ET,34,Rayo Vallecano de Madrid,Villarreal CF,SCHEDULED
laliga:football-data:564963,564963,football-data.org,2026-10-02T15:22:44.902937+00:00,2027-05-02T00:00:00+00:00,2027-05-01,08:00 PM ET,34,Málaga CF,Getafe CF,SCHEDULED
laliga:football-data:564964,564964,football-data.org,2026-10-02T15:22:44.902937+00:00,2027-05-02T00:00:00+00:00,2027-05-01,08:00 PM ET,34,Real Betis Balompié,Valencia CF,SCHEDULED
laliga:football-data:564965,564965,football-data.org,2026-10-02T15:22:44.902937+00:00,2027-05-02T00:00:00+00:00,2027-05-01,08:00 PM ET,34,Elche CF,RCD Espanyol de Barcelona,SCHEDULED
laliga:football-data:564966,564966,football-data.org,2026-10-02T15:22:44.902937+00:00,2027-05-02T00:00:00+00:00,2027-05-01,08:00 PM ET,34,Levante UD,Real Madrid CF,SCHEDULED
laliga:football-data:564967,564967,football-data.org,2026-10-02T15:22:44.902937+00:00,2027-05-02T00:00:00+00:00,2027-05-01,08:00 PM ET,34,Club Atlético de Madrid,Deportivo Alavés,SCHEDULED
laliga:football-data:564968,564968,football-data.org,2026-10-02T15:22:44.902937+00:00,2027-05-09T00:00:00+00:00,2027-05-08,08:00 PM ET,35,Valencia CF,Club Atlético de Madrid,SCHEDULED
laliga:football-data:564969,564969,football-data.org,2026-10-02T15:22:44.902937+00:00,2027-05-09T00:00:00+00:00,2027-05-08,08:00 PM ET,35,CA Osasuna,Real Sociedad de Fútbol,SCHEDULED
laliga:football-data:564970,564970,football-data.org,2026-10-02T15:22:44.902937+00:00,2027-05-09T00:00:00+00:00,2027-05-08,08:00 PM ET,35,Deportivo Alavés,Levante UD,SCHEDULED
laliga:football-data:564971,564971,football-data.org,2026-10-02T15:22:44.902937+00:00,2027-05-09T00:00:00+00:00,2027-05-08,08:00 PM ET,35,Athletic Club,Málaga CF,SCHEDULED
laliga:football-data:564972,564972,football-data.org,2026-10-02T15:22:44.902937+00:00,2027-05-09T00:00:00+00:00,2027-05-08,08:00 PM ET,35,Real Racing Club de Santander,Sevilla FC,SCHEDULED
laliga:football-data:564973,564973,football-data.org,2026-10-02T15:22:44.902937+00:00,2027-05-09T00:00:00+00:00,2027-05-08,08:00 PM ET,35,Rayo Vallecano de Madrid,RC Deportivo La Coruña,SCHEDULED
laliga:football-data:564974,564974,football-data.org,2026-10-02T15:22:44.902937+00:00,2027-05-09T00:00:00+00:00,2027-05-08,08:00 PM ET,35,Real Betis Balompié,RCD Espanyol de Barcelona,SCHEDULED
laliga:football-data:564975,564975,football-data.org,2026-10-02T15:22:44.902937+00:00,2027-05-09T00:00:00+00:00,2027-05-08,08:00 PM ET,35,Real Madrid CF,FC Barcelona,SCHEDULED
laliga:football-data:564976,564976,football-data.org,2026-10-02T15:22:44.902937+00:00,2027-05-09T00:00:00+00:00,2027-05-08,08:00 PM ET,35,Getafe CF,Elche CF,SCHEDULED
laliga:football-data:564977,564977,football-data.org,2026-10-02T15:22:44.902937+00:00,2027-05-09T00:00:00+00:00,2027-05-08,08:00 PM ET,35,Villarreal CF,RC Celta de Vigo,SCHEDULED
laliga:football-data:564978,564978,football-data.org,2026-10-02T15:22:44.902937+00:00,2027-05-16T00:00:00+00:00,2027-05-15,08:00 PM ET,36,Club Atlético de Madrid,Rayo Vallecano de Madrid,SCHEDULED
laliga:football-data:564979,564979,football-data.org,2026-10-02T15:22:44.902937+00:00,2027-05-16T00:00:00+00:00,2027-05-15,08:00 PM ET,36,Sevilla FC,Villarreal CF,SCHEDULED
laliga:football-data:564980,564980,football-data.org,2026-10-02T15:22:44.902937+00:00,2027-05-16T00:00:00+00:00,2027-05-15,08:00 PM ET,36,Real Sociedad de Fútbol,FC Barcelona,SCHEDULED
laliga:football-data:564981,564981,football-data.org,2026-10-02T15:22:44.902937+00:00,2027-05-16T00:00:00+00:00,2027-05-15,08:00 PM ET,36,Elche CF,Athletic Club,SCHEDULED
laliga:football-data:564982,564982,football-data.org,2026-10-02T15:22:44.902937+00:00,2027-05-16T00:00:00+00:00,2027-05-15,08:00 PM ET,36,Málaga CF,RC Celta de Vigo,SCHEDULED
laliga:football-data:564983,564983,football-data.org,2026-10-02T15:22:44.902937+00:00,2027-05-16T00:00:00+00:00,2027-05-15,08:00 PM ET,36,RC Deportivo La Coruña,Deportivo Alavés,SCHEDULED
laliga:football-data:564984,564984,football-data.org,2026-10-02T15:22:44.902937+00:00,2027-05-16T00:00:00+00:00,2027-05-15,08:00 PM ET,36,Levante UD,Getafe CF,SCHEDULED
laliga:football-data:564985,564985,football-data.org,2026-10-02T15:22:44.902937+00:00,2027-05-16T00:00:00+00:00,2027-05-15,08:00 PM ET,36,RCD Espanyol de Barcelona,Valencia CF,SCHEDULED
laliga:football-data:564986,564986,football-data.org,2026-10-02T15:22:44.902937+00:00,2027-05-16T00:00:00+00:00,2027-05-15,08:00 PM ET,36,Real Madrid CF,Real Racing Club de Santander,SCHEDULED
laliga:football-data:564987,564987,football-data.org,2026-10-02T15:22:44.902937+00:00,2027-05-16T00:00:00+00:00,2027-05-15,08:00 PM ET,36,CA Osasuna,Real Betis Balompié,SCHEDULED
laliga:football-data:564992,564992,football-data.org,2026-10-02T15:22:44.902937+00:00,2027-05-23T00:00:00+00:00,2027-05-22,08:00 PM ET,37,Club Atlético de Madrid,Athletic Club,SCHEDULED
laliga:football-data:564993,564993,football-data.org,2026-10-02T15:22:44.902937+00:00,2027-05-23T00:00:00+00:00,2027-05-22,08:00 PM ET,37,Deportivo Alavés,Real Madrid CF,SCHEDULED
laliga:football-data:564994,564994,football-data.org,2026-10-02T15:22:44.902937+00:00,2027-05-23T00:00:00+00:00,2027-05-22,08:00 PM ET,37,Sevilla FC,Getafe CF,SCHEDULED
laliga:football-data:564995,564995,football-data.org,2026-10-02T15:22:44.902937+00:00,2027-05-23T00:00:00+00:00,2027-05-22,08:00 PM ET,37,Villarreal CF,CA Osasuna,SCHEDULED
laliga:football-data:564996,564996,football-data.org,2026-10-02T15:22:44.902937+00:00,2027-05-23T00:00:00+00:00,2027-05-22,08:00 PM ET,37,Real Racing Club de Santander,Levante UD,SCHEDULED
laliga:football-data:564997,564997,football-data.org,2026-10-02T15:22:44.902937+00:00,2027-05-23T00:00:00+00:00,2027-05-22,08:00 PM ET,37,RC Deportivo La Coruña,RCD Espanyol de Barcelona,SCHEDULED
laliga:football-data:564988,564988,football-data.org,2026-10-02T15:22:44.902937+00:00,2027-05-23T00:00:00+00:00,2027-05-22,08:00 PM ET,37,Rayo Vallecano de Madrid,Real Betis Balompié,SCHEDULED
laliga:football-data:564989,564989,football-data.org,2026-10-02T15:22:44.902937+00:00,2027-05-23T00:00:00+00:00,2027-05-22,08:00 PM ET,37,FC Barcelona,Málaga CF,SCHEDULED
laliga:football-data:564990,564990,football-data.org,2026-10-02T15:22:44.902937+00:00,2027-05-23T00:00:00+00:00,2027-05-22,08:00 PM ET,37,Valencia CF,Elche CF,SCHEDULED
laliga:football-data:564991,564991,football-data.org,2026-10-02T15:22:44.902937+00:00,2027-05-23T00:00:00+00:00,2027-05-22,08:00 PM ET,37,RC Celta de Vigo,Real Sociedad de Fútbol,SCHEDULED
laliga:football-data:564998,564998,football-data.org,2026-10-02T15:22:44.902937+00:00,2027-05-30T00:00:00+00:00,2027-05-29,08:00 PM ET,38,Levante UD,RC Celta de Vigo,SCHEDULED
laliga:football-data:564999,564999,football-data.org,2026-10-02T15:22:44.902937+00:00,2027-05-30T00:00:00+00:00,2027-05-29,08:00 PM ET,38,Real Madrid CF,RC Deportivo La Coruña,SCHEDULED
laliga:football-data:565000,565000,football-data.org,2026-10-02T15:22:44.902937+00:00,2027-05-30T00:00:00+00:00,2027-05-29,08:00 PM ET,38,Real Betis Balompié,Club Atlético de Madrid,SCHEDULED
laliga:football-data:565001,565001,football-data.org,2026-10-02T15:22:44.902937+00:00,2027-05-30T00:00:00+00:00,2027-05-29,08:00 PM ET,38,Real Sociedad de Fútbol,Villarreal CF,SCHEDULED
laliga:football-data:565002,565002,football-data.org,2026-10-02T15:22:44.902937+00:00,2027-05-30T00:00:00+00:00,2027-05-29,08:00 PM ET,38,Málaga CF,Sevilla FC,SCHEDULED
laliga:football-data:565003,565003,football-data.org,2026-10-02T15:22:44.902937+00:00,2027-05-30T00:00:00+00:00,2027-05-29,08:00 PM ET,38,Elche CF,Real Racing Club de Santander,SCHEDULED
laliga:football-data:565004,565004,football-data.org,2026-10-02T15:22:44.902937+00:00,2027-05-30T00:00:00+00:00,2027-05-29,08:00 PM ET,38,Athletic Club,Rayo Vallecano de Madrid,SCHEDULED
laliga:football-data:565005,565005,football-data.org,2026-10-02T15:22:44.902937+00:00,2027-05-30T00:00:00+00:00,2027-05-29,08:00 PM ET,38,RCD Espanyol de Barcelona,Deportivo Alavés,SCHEDULED
laliga:football-data:565006,565006,football-data.org,2026-10-02T15:22:44.902937+00:00,2027-05-30T00:00:00+00:00,2027-05-29,08:00 PM ET,38,Getafe CF,FC Barcelona,SCHEDULED
laliga:football-data:565007,565007,football-data.org,2026-10-02T15:22:44.902937+00:00,2027-05-30T00:00:00+00:00,2027-05-29,08:00 PM ET,38,CA Osasuna,Valencia CF,SCHEDULED
