Date,HomeTeam,AwayTeam,Bookmaker,HomeWinOdds,DrawOdds,AwayWinOdds,ImpliedProb_HomeWin,ImpliedProb_Draw,ImpliedProb_AwayWin,BookmakerMargin
2026-10-09,Málaga,Espanyol,pinnacle,2.99,3.25,2.6,0.3257,0.2997,0.3746,2.68
2026-10-09,Málaga,Espanyol,draftkings,2.9,3.15,2.6,0.3294,0.3032,0.3674,4.69
2026-10-09,Málaga,Espanyol,betmgm,2.75,3.3,2.55,0.3434,0.2862,0.3704,5.88
2026-10-10,Rayo Vallecano,Athletic Bilbao,pinnacle,2.76,3.4,2.65,0.3505,0.2845,0.365,3.38
2026-10-10,Rayo Vallecano,Athletic Bilbao,draftkings,2.7,3.4,2.6,0.353,0.2804,0.3666,4.91
2026-10-10,Rayo Vallecano,Athletic Bilbao,betmgm,2.6,3.5,2.55,0.362,0.2689,0.3691,6.25
2026-10-10,Alavés,Atlético Madrid,pinnacle,4.39,3.78,1.84,0.2199,0.2554,0.5247,3.58
2026-10-10,Alavés,Atlético Madrid,draftkings,4.2,3.75,1.83,0.2265,0.2537,0.5198,5.12
2026-10-10,Alavés,Atlético Madrid,betmgm,4.33,3.7,1.8,0.2185,0.2558,0.5257,5.68
2026-10-10,Barcelona,Getafe,pinnacle,1.08,13.08,25.26,0.8886,0.0734,0.038,4.2
2026-10-10,Barcelona,Getafe,draftkings,1.08,12.0,23.0,0.8795,0.0792,0.0413,5.27
2026-10-10,Barcelona,Getafe,betmgm,1.08,11.0,23.0,0.8733,0.0857,0.041,6.03
2026-10-10,Real Madrid,Villarreal,pinnacle,1.39,5.88,6.76,0.6935,0.1639,0.1426,3.74
2026-10-10,Real Madrid,Villarreal,draftkings,1.38,5.75,6.5,0.6886,0.1653,0.1462,5.24
2026-10-10,Real Madrid,Villarreal,betmgm,1.36,5.5,6.5,0.6866,0.1698,0.1437,7.1
2026-10-11,Elche CF,Celta Vigo,pinnacle,2.8,3.33,2.67,0.3461,0.291,0.3629,3.2
2026-10-11,Elche CF,Celta Vigo,draftkings,2.8,3.3,2.6,0.3418,0.29,0.3681,4.48
2026-10-11,Elche CF,Celta Vigo,betmgm,2.8,3.25,2.55,0.3379,0.2911,0.371,5.7
2026-10-11,Real Sociedad,Deportivo La Coruña,pinnacle,1.59,4.2,5.87,0.6063,0.2295,0.1642,3.74
2026-10-11,Real Sociedad,Deportivo La Coruña,draftkings,1.61,4.1,5.5,0.5933,0.233,0.1737,4.68
2026-10-11,Real Sociedad,Deportivo La Coruña,betmgm,1.62,4.0,5.25,0.5836,0.2363,0.1801,5.78
2026-10-11,Real Betis,CA Osasuna,pinnacle,1.52,4.62,6.2,0.6353,0.209,0.1557,3.56
2026-10-11,Real Betis,CA Osasuna,draftkings,1.51,4.5,6.0,0.63,0.2114,0.1586,5.11
2026-10-11,Real Betis,CA Osasuna,betmgm,1.53,4.33,5.75,0.6175,0.2182,0.1643,5.85
2026-10-11,Real Racing Club de Santander,Valencia,pinnacle,2.39,3.55,3.01,0.4053,0.2729,0.3218,3.23
2026-10-11,Real Racing Club de Santander,Valencia,draftkings,2.3,3.55,3.0,0.4142,0.2683,0.3175,4.98
2026-10-11,Real Racing Club de Santander,Valencia,betmgm,2.3,3.6,2.9,0.4112,0.2627,0.3261,5.74
2026-10-12,Levante,Sevilla,pinnacle,2.84,3.35,2.61,0.3406,0.2888,0.3706,3.38
2026-10-12,Levante,Sevilla,draftkings,2.7,3.25,2.6,0.3485,0.2895,0.3619,6.27
2026-10-12,Levante,Sevilla,betmgm,2.65,3.3,2.6,0.3543,0.2845,0.3611,6.5
2026-10-16,Deportivo La Coruña,Levante,pinnacle,2.08,3.48,3.54,0.4576,0.2735,0.2689,5.06
2026-10-16,Deportivo La Coruña,Levante,draftkings,2.1,3.45,3.45,0.451,0.2745,0.2745,5.59
2026-10-17,Espanyol,Atlético Madrid,pinnacle,4.24,3.74,1.82,0.224,0.254,0.522,5.27
2026-10-17,Espanyol,Atlético Madrid,draftkings,4.0,3.7,1.87,0.237,0.2562,0.5069,5.5
2026-10-17,Villarreal,Elche CF,pinnacle,1.46,4.84,6.04,0.6479,0.1955,0.1566,5.71
2026-10-17,Villarreal,Elche CF,draftkings,1.45,4.7,5.75,0.6407,0.1977,0.1616,7.63
2026-10-17,Real Betis,Barcelona,draftkings,6.0,5.25,1.39,0.1548,0.1769,0.6683,7.66
2026-10-17,Valencia,Athletic Bilbao,pinnacle,3.71,3.44,2.04,0.2566,0.2767,0.4667,5.04
2026-10-17,Valencia,Athletic Bilbao,draftkings,3.55,3.4,2.05,0.2648,0.2765,0.4586,6.36
2026-10-18,CA Osasuna,Real Racing Club de Santander,pinnacle,1.91,3.4,4.26,0.4975,0.2795,0.223,5.24
2026-10-18,CA Osasuna,Real Racing Club de Santander,draftkings,1.87,3.5,4.0,0.4996,0.2669,0.2335,7.05
2026-10-18,Celta Vigo,Alavés,pinnacle,2.0,3.4,3.87,0.4751,0.2794,0.2455,5.25
2026-10-18,Celta Vigo,Alavés,draftkings,2.0,3.35,3.75,0.4694,0.2802,0.2504,6.52
2026-10-18,Málaga,Real Sociedad,pinnacle,3.24,3.49,2.2,0.294,0.273,0.433,4.97
2026-10-18,Málaga,Real Sociedad,draftkings,3.1,3.45,2.2,0.3023,0.2717,0.426,6.7
2026-10-18,Real Madrid,Sevilla,draftkings,1.26,6.0,9.0,0.7407,0.1556,0.1037,7.14
2026-10-19,Getafe,Rayo Vallecano,pinnacle,2.71,3.1,2.44,0.335,0.2929,0.3721,10.14
2026-10-19,Getafe,Rayo Vallecano,draftkings,2.8,3.15,2.55,0.3348,0.2976,0.3676,6.68
