Team,HomeAttack,HomeDefense,AwayAttack,AwayDefense
Getafe,0.7417,0.7853,0.7346,0.9182
Sociedad,0.993,0.972,1.0708,0.9039
Leganes,0.7013,1.0289,0.7045,1.0168
Eibar,0.8707,0.9965,0.8806,1.1162
Osasuna,0.837,1.208,0.8181,1.0573
Malaga,0.8216,1.0421,0.5775,1.0048
Barcelona,1.7943,0.7186,1.9101,0.6818
Real Madrid,1.6184,0.7062,1.6951,0.6943
Elche,0.7927,1.1482,0.7705,1.2075
Celta,0.9915,1.1411,1.0094,1.081
La Coruna,0.8628,1.357,0.8366,1.2436
Levante,0.9722,1.3111,0.9128,1.2254
Girona,1.046,1.1819,1.0351,1.0227
Villarreal,1.2538,1.0219,1.1287,0.8382
Huesca,0.7188,1.1819,0.8343,1.1746
Valencia,0.9633,0.955,0.9554,1.0244
Sp Gijon,0.9467,1.5295,0.6489,1.1921
Betis,0.993,1.0426,1.0005,0.9977
Santander,1.5545,1.4677,0.8806,2.6648
Ath Madrid,1.2855,0.616,1.2628,0.6253
Valladolid,0.5961,1.1865,0.6674,1.2342
Oviedo,0.3156,0.8343,0.7879,1.4726
Ath Bilbao,0.9946,0.7938,0.9057,0.8809
Almeria,0.8941,1.3441,0.9501,1.4376
Las Palmas,0.7994,1.1958,0.7508,1.2623
Vallecano,0.8817,1.1396,0.7649,1.0844
Mallorca,0.7889,0.9038,0.7184,1.1629
Granada,0.8181,1.2746,0.9038,1.3791
Alaves,0.7157,0.9662,0.8199,1.1027
Sevilla,1.0415,0.9426,1.0426,0.9584
Cadiz,0.6224,1.1124,0.6489,1.0607
Espanol,0.8185,1.1322,0.8604,1.0988
